frame,cpu_usage,memory_usage,fps,blink_total,voice_detected,lip_open_count,gaze_direction,iris_gaze_direction,suspicious
0,16.5,86.5,14.65069667850793,0,0,0,0,1,0
1,47.2,86.5,40.678744617294484,0,0,0,0,1,0
2,36.0,86.6,69.20380147835269,0,0,0,0,1,0
3,28.8,86.6,25.057525375327835,0,0,0,0,1,0
4,26.9,86.6,52.862270619076426,0,0,0,0,1,0
5,34.6,86.5,25.47638108543141,0,0,0,0,1,0
6,19.2,86.6,51.16127930521334,0,0,0,0,1,0
7,19.2,86.6,57.43183031863181,0,0,0,0,1,0
8,0.0,86.6,25.529880090084607,0,0,0,0,1,0
9,0.0,86.6,52.52334201562813,0,0,0,0,1,0
10,0.0,86.6,53.650694568804525,0,0,0,0,1,0
11,0.0,86.6,53.15435697267704,0,0,0,0,1,0
12,0.0,86.6,55.06359292128341,0,0,0,0,1,0
13,0.0,86.6,57.74414890687813,0,0,0,0,1,0
14,0.0,86.6,54.71092965315732,0,0,0,0,1,0
15,0.0,86.6,52.86493571968742,0,0,0,0,1,0
16,0.0,86.6,19.863814390513042,0,0,0,0,1,0
17,0.0,86.6,48.50364271341675,0,0,0,0,1,0
18,0.0,86.6,49.49031268436578,0,0,0,0,1,0
19,0.0,86.6,61.375867013960026,0,0,0,0,1,0
20,31.1,86.4,54.69523374845146,0,0,0,0,1,0
21,13.3,86.4,49.93278491410612,0,0,0,0,1,0
22,8.7,86.4,56.79567766658993,0,0,0,0,1,0
23,11.5,86.4,51.75214075956864,0,0,0,0,1,0
24,8.0,86.4,59.00074554431769,0,0,0,0,1,0
25,22.2,86.2,50.32762179025678,0,0,0,0,1,0
26,17.2,86.1,58.771740044278786,0,0,0,0,1,0
27,22.2,86.0,54.83682194359826,0,0,0,0,1,0
28,11.1,85.9,53.69671365108628,0,0,0,0,1,0
29,0.0,85.9,54.92370950422963,0,0,0,0,1,0
30,0.0,85.9,52.75389588338134,1,0,0,0,1,0
31,0.0,85.9,57.0638077875432,1,0,0,0,1,0
32,0.0,85.9,53.647949655931036,1,0,0,0,1,0
33,0.0,85.9,54.794554908159796,1,0,0,0,1,0
34,0.0,85.9,55.64803905959773,1,0,0,0,1,0
35,0.0,85.9,63.004025716517454,1,0,0,0,1,0
36,0.0,85.9,47.60358192693141,1,0,0,0,1,0
37,0.0,85.9,58.55840058079468,1,0,0,0,1,0
38,0.0,85.9,63.7393471521488,1,0,0,0,1,0
39,0.0,85.9,46.04268024940722,1,0,0,0,1,0
40,0.0,85.9,60.45930752154986,1,0,0,0,1,0
41,0.0,85.9,54.543733257041794,1,0,0,0,1,0
42,0.0,85.9,51.76299843265991,1,0,0,0,1,0
43,0.0,85.9,55.81317116661565,1,0,0,0,1,0
44,0.0,85.9,52.66711871217258,1,0,0,0,1,0
45,0.0,85.9,57.94838353136225,1,0,0,0,1,0
46,0.0,85.9,55.89796761511295,1,0,0,0,1,0
47,0.0,85.9,52.10574438481415,1,0,0,0,1,0
48,0.0,85.9,24.450310124516157,1,0,0,0,1,0
49,13.9,85.5,35.667366809813345,1,0,0,0,1,0
50,17.9,85.7,54.878436195684884,1,0,0,0,1,0
51,15.4,85.7,53.231261263547985,1,0,0,0,1,0
52,17.9,85.7,52.26286540234754,1,0,0,0,1,0
53,15.4,85.7,55.61483485155867,1,0,0,0,1,0
54,18.2,85.7,65.04107804673811,1,0,0,0,1,0
55,13.3,85.7,48.67588896109925,1,0,0,0,1,0
56,8.3,85.7,54.56431071042943,1,0,0,0,1,0
57,0.0,85.7,53.573943032315746,1,0,0,0,1,0
58,0.0,85.7,54.362050417989764,1,0,0,0,1,0
59,0.0,85.7,53.2961955831152,1,0,0,0,1,0
60,0.0,85.7,57.4514971372216,1,0,0,0,1,0
61,0.0,85.7,61.10137664797145,1,0,0,0,1,0
62,0.0,85.7,50.34514049765337,1,0,0,0,1,0
63,0.0,85.7,53.03405110827317,1,0,0,0,1,0
64,0.0,85.7,56.59260058828291,1,0,0,0,1,0
65,0.0,85.7,52.33655681860721,1,0,0,0,1,0
66,0.0,85.7,54.650336165111796,1,0,0,0,1,0
67,0.0,85.7,55.343317455500284,1,0,0,0,1,0
68,0.0,85.7,53.69121468528783,1,0,0,0,1,0
69,0.0,85.7,54.9661761044203,1,0,0,0,1,0
70,0.0,85.7,58.42869680295326,1,0,0,0,1,0
71,0.0,85.7,50.812948245784064,1,0,0,0,1,0
72,0.0,85.7,59.04809100123888,1,0,0,0,1,0
73,0.0,85.7,51.11950176114273,1,0,0,0,1,0
74,0.0,85.7,56.166693449033154,1,0,0,0,1,0
75,0.0,85.7,55.875627789249315,1,0,0,0,1,0
76,0.0,85.7,52.89360253225217,1,0,0,0,1,0
77,0.0,85.7,61.93139904023625,1,0,0,0,1,0
78,0.0,85.7,55.43621464446207,1,0,0,0,1,0
79,0.0,85.7,57.19453459514004,1,0,0,0,1,0
80,16.7,85.3,21.737663966499266,1,0,0,0,1,0
81,17.1,85.3,38.73536446837395,1,0,0,0,1,0
82,12.0,85.3,58.11619625611395,1,0,0,0,1,0
83,7.7,85.3,49.59858097321587,1,0,0,0,1,0
84,14.3,85.3,52.23617908960708,1,0,0,0,1,0
85,15.4,85.3,57.18283821183656,1,0,0,0,1,0
86,14.8,85.3,53.9835255354201,1,0,0,0,1,0
87,20.8,85.3,60.31324954703632,1,0,0,0,1,0
88,16.7,85.3,58.97668663348238,1,0,0,0,1,0
89,17.9,85.3,51.08774665042631,1,0,0,0,1,0
90,0.0,85.3,50.71771121778982,1,0,0,0,1,0
91,0.0,85.3,51.85899924578692,1,0,0,0,1,0
92,0.0,85.3,62.94445861784347,1,0,0,0,1,0
93,0.0,85.3,50.54596288262232,1,0,0,0,1,0
94,0.0,85.3,56.09908247064173,1,0,0,0,1,0
95,0.0,85.3,57.90678153302408,1,0,0,0,1,0
96,0.0,85.3,52.81035481352774,1,0,0,0,1,0
97,0.0,85.3,55.07805441748083,1,0,0,0,1,0
98,0.0,85.3,52.01076348846149,1,0,0,0,1,0
99,0.0,85.3,57.679827275602676,1,0,0,0,1,0
100,0.0,85.3,51.37685881574757,1,0,0,0,1,0
101,0.0,85.3,59.22736066198794,1,0,0,0,1,0
102,0.0,85.3,53.80969120043106,1,0,0,0,1,0
103,0.0,85.3,54.17667497642697,1,0,0,0,1,0
104,0.0,85.3,56.953777632936834,1,0,0,0,1,0
105,0.0,85.3,55.60819876435181,1,0,0,0,1,0
106,0.0,85.3,53.63080031199253,1,0,0,0,1,0
107,0.0,85.3,55.15627794434801,1,0,0,0,1,0
108,0.0,85.3,62.5073247790644,1,0,0,0,1,0
109,0.0,85.3,47.93873795617935,1,0,0,0,1,0
110,13.7,84.8,56.898921522078275,1,0,0,0,1,0
111,13.8,84.8,54.87269254418671,1,0,0,0,1,0
112,7.3,84.8,23.8395352934824,1,0,0,0,1,0
113,11.8,84.8,35.09760342750033,1,0,0,0,1,0
114,15.4,84.7,56.928267980509524,1,0,0,0,1,0
115,11.5,84.9,59.291829233813964,1,0,0,0,1,0
116,14.3,84.9,53.00188285840652,1,0,0,0,1,0
117,0.0,84.9,51.34792615444885,1,0,0,0,1,0
118,0.0,84.9,55.49929870061132,1,0,0,0,1,0
119,0.0,84.9,53.44083582850226,1,0,0,0,1,0
120,0.0,84.9,53.94325693854979,1,0,0,0,1,0
121,0.0,84.9,58.0052828831819,1,0,0,0,1,0
122,0.0,84.9,54.192074628215565,1,0,0,0,1,0
123,0.0,84.9,53.74901005958865,1,0,0,0,1,0
124,0.0,84.9,55.3126640203616,1,0,0,0,1,0
125,0.0,84.9,54.897111369972386,1,0,0,0,1,0
126,0.0,84.9,54.16268288588437,1,0,0,0,1,0
127,0.0,84.9,54.12074994516058,1,0,0,0,1,0
128,0.0,84.9,57.863642634439756,1,0,0,0,1,0
129,0.0,84.9,52.09668364178363,1,0,0,0,1,0
130,0.0,84.9,57.113537950379914,1,0,0,0,1,0
131,0.0,84.9,55.2361787868412,1,0,0,0,1,0
132,0.0,84.9,51.634277554135735,1,0,0,0,1,0
133,0.0,84.9,57.726664648077296,1,0,0,0,1,0
134,0.0,84.9,54.82177027238981,2,0,0,0,1,0
135,0.0,84.9,53.51379213554824,2,0,0,0,1,0
136,0.0,84.9,55.4017990410398,2,0,0,0,1,0
137,0.0,84.9,56.7572497598073,2,0,0,0,1,0
138,0.0,84.9,52.16212115559203,2,0,0,0,1,0
139,0.0,84.9,56.794908598510496,2,0,0,0,1,0
140,12.1,84.9,54.559342317498306,2,0,0,0,1,0
141,20.0,84.9,56.01292717778876,2,0,0,0,1,0
142,12.5,85.0,65.20184056709364,2,0,0,0,1,0
143,14.3,85.0,50.11056020836071,2,0,0,0,1,0
144,13.0,85.0,23.738879927554688,2,0,0,0,1,0
145,6.1,85.0,35.181801405827976,2,0,0,0,1,0
146,17.2,85.0,54.41000428087745,2,0,0,0,1,0
147,12.5,85.0,55.239088634268406,2,0,0,0,1,0
148,11.5,85.0,53.54453423206056,2,0,0,0,1,0
149,14.3,85.0,56.16067698569975,2,0,0,0,1,0
150,0.0,85.0,54.96689644326789,2,0,0,0,1,0
151,0.0,85.0,57.20545553737043,2,0,0,0,1,0
152,0.0,85.0,49.17812587937342,2,0,0,0,1,0
153,0.0,85.0,58.04782993799823,2,0,0,0,1,0
154,0.0,85.0,52.631431009386134,2,0,0,0,1,0
155,0.0,85.0,55.546338233346574,2,0,0,0,1,0
156,0.0,85.0,56.54453536810602,2,0,0,0,1,0
157,0.0,85.0,55.202737562516454,2,0,0,0,1,0
158,0.0,85.0,54.794554908159796,2,0,0,0,1,0
159,0.0,85.0,53.50491765636362,2,0,0,0,1,0
160,0.0,85.0,54.32473318827065,2,0,0,0,1,0
161,0.0,85.0,52.09215445185489,2,0,0,0,1,0
162,0.0,85.0,67.88877019196529,2,0,0,0,1,0
163,0.0,85.0,51.899425856266085,2,0,0,0,1,0
164,0.0,85.0,50.862242918121844,2,0,0,0,1,0
165,0.0,85.0,59.88868422931392,2,0,0,0,1,0
166,0.0,85.0,50.175301759716724,2,0,0,0,1,0
167,0.0,85.0,56.75417777356805,2,0,0,0,1,0
168,0.0,85.0,52.836965558942836,2,0,0,0,1,0
169,0.0,85.0,56.98395489436859,2,0,0,0,1,0
170,13.0,84.7,53.461270792173856,2,0,0,0,1,0
171,8.0,84.7,56.980084227686454,2,0,0,0,1,0
172,21.4,84.8,57.81578584622171,2,0,0,0,1,0
173,11.5,84.8,52.90694652925817,2,0,0,0,1,0
174,0.0,84.7,54.80601071475238,2,0,0,0,1,0
175,0.0,84.7,52.257656176023524,2,0,0,0,1,0
176,0.0,84.8,23.93940812191433,2,0,0,0,1,0
177,0.0,84.8,36.82670576769424,2,0,0,0,1,0
178,0.0,84.8,54.16268288588437,2,0,0,0,1,0
179,0.0,84.8,52.54834749054098,2,0,0,0,1,0
180,0.0,84.8,57.55714128883522,2,0,0,0,1,0
181,0.0,84.8,51.388189169321244,2,0,0,0,1,0
182,0.0,84.8,55.653946181200574,2,0,0,0,1,0
183,0.0,84.8,55.0925235117953,2,0,0,0,1,0
184,0.0,84.8,55.82505689909893,2,0,0,0,1,0
185,0.0,84.8,53.59927414923389,2,0,0,0,1,0
186,0.0,84.8,51.98948881947543,2,0,0,0,1,0
187,0.0,84.8,57.66396744435432,2,0,0,0,1,0
188,0.0,84.8,52.32872132047459,2,0,0,0,1,0
189,0.0,84.8,63.004025716517454,2,0,0,0,1,0
190,0.0,84.8,52.734661033997185,2,0,0,0,1,0
191,0.0,84.8,55.38936136495695,2,0,0,0,1,0
192,0.0,84.8,54.78310388965806,2,0,0,0,1,0
193,0.0,84.8,51.36364638312985,2,0,0,0,1,0
194,0.0,84.8,57.457006260359734,2,0,0,0,1,0
195,0.0,84.8,52.69490929192422,2,0,0,0,1,0
196,0.0,84.8,58.071940852324644,2,0,0,0,1,0
197,0.0,84.8,54.25025221822697,3,0,0,0,1,0
198,0.0,84.8,54.85475137977034,3,0,0,0,1,0
199,0.0,84.8,54.439665130767736,3,0,0,0,1,0
200,12.6,84.8,55.175142729353574,3,0,0,0,1,0
201,16.7,84.8,54.32684411631371,3,0,0,0,1,0
202,8.0,84.8,54.18857393865792,3,0,0,0,1,0
203,15.4,84.8,57.01183922576085,3,0,0,0,1,0
204,16.7,84.8,53.68640401402862,3,0,0,0,1,0
205,11.5,84.8,55.846612697060074,3,0,0,0,1,0
206,7.7,84.8,53.01729194053999,3,0,0,0,1,0
207,0.0,84.8,56.85033478814823,3,0,0,0,1,0
208,0.0,84.8,24.616627050503272,3,0,0,0,1,0
209,0.0,84.8,35.31539905866108,3,0,0,0,1,0
210,0.0,84.8,56.50644644132189,3,0,0,0,1,0
211,0.0,84.8,51.038635174436294,3,0,0,-1,1,1
212,0.0,84.8,54.818187758942926,4,0,0,0,1,0
213,0.0,84.8,53.115315452219946,4,0,0,0,1,0
214,0.0,84.8,57.05526913607117,4,0,0,0,1,0
215,0.0,84.8,55.08456456929724,4,0,0,0,1,0
216,0.0,84.8,55.11496563777086,4,0,0,0,1,0
217,0.0,84.8,51.72533543804262,4,0,0,0,1,0
218,0.0,84.8,57.596660349894265,4,0,0,0,1,0
219,0.0,84.8,61.995477052693815,4,0,0,0,1,0
220,0.0,84.8,48.95484202294665,4,0,0,0,1,0
221,0.0,84.8,53.51584051036683,4,0,0,0,1,0
222,0.0,84.8,53.16581105576048,4,0,0,0,1,0
223,0.0,84.8,62.96430179842075,4,0,0,0,1,0
224,0.0,84.8,52.71544020612078,4,0,0,0,1,0
225,0.0,84.8,55.34696893721464,4,0,0,0,1,0
226,0.0,84.8,55.40765399807131,4,0,0,0,1,0
227,0.0,84.8,53.04142849916536,4,0,0,0,1,0
228,0.0,84.8,52.73996579820943,4,0,0,0,1,0
229,0.0,84.8,55.53383558197731,4,0,0,0,1,0
230,13.9,84.6,59.927189598514076,4,0,0,0,1,0
231,13.3,84.6,52.61228534514118,4,0,0,1,1,1
232,8.0,84.6,58.65011046788042,4,0,0,1,1,1
233,29.6,84.6,53.18603619025881,4,0,0,1,1,1
234,29.2,84.4,58.140364009370536,4,0,0,1,1,1
235,3.8,84.4,52.43863224354566,4,0,0,1,1,1
236,21.4,84.4,54.846143787431025,4,0,0,1,1,1
237,0.0,84.4,53.908590817952806,4,0,0,1,1,1
238,0.0,84.4,58.21864416190106,4,0,0,1,1,1
239,0.0,84.4,53.157725308289926,4,0,0,1,1,1
240,0.0,84.4,24.5454619935744,4,0,0,1,1,1
241,0.0,84.4,34.285396656721296,4,0,0,1,1,1
242,0.0,84.4,55.483881209074674,4,0,0,1,1,1
243,0.0,84.4,54.16827885472227,4,0,0,1,1,1
244,0.0,84.4,56.464607845776904,4,0,0,1,1,1
245,0.0,84.4,54.96329493782024,4,0,0,1,1,1
246,0.0,84.4,55.08745846412482,4,0,0,1,1,1
247,0.0,84.4,56.03837161142063,4,0,0,1,1,1
248,0.0,84.4,55.56179045953715,4,0,0,1,1,1
249,0.0,84.4,50.13811487657642,4,0,0,1,1,1
250,0.0,84.4,60.42969110189027,4,0,0,1,1,1
251,0.0,84.4,56.325087959605725,4,0,0,1,1,1
252,0.0,84.4,53.98144120258948,4,0,0,1,1,1
253,0.0,84.4,56.29409317245359,4,0,0,1,1,1
254,0.0,84.4,52.186783790173074,4,0,0,1,1,1
255,0.0,84.4,57.49087121004441,4,0,0,1,1,1
256,0.0,84.4,51.15628735211611,4,0,0,1,1,1
257,0.0,84.4,57.117426769980796,4,0,0,1,1,1
258,0.0,84.4,57.46172920691025,4,0,0,1,1,1
259,0.0,84.4,55.36450275878455,4,0,0,1,1,1
260,12.9,84.5,52.47405887578036,4,0,0,1,1,1
261,10.7,84.5,54.16478123870034,4,0,0,1,1,1
262,21.4,84.5,56.64686736085788,4,0,0,1,1,1
263,0.0,84.5,53.78140226701544,4,0,0,1,1,1
264,0.0,84.5,57.836514065085495,4,0,0,1,1,1
265,0.0,84.4,55.512520514585205,4,0,0,1,1,1
266,0.0,84.4,51.848101265822784,4,0,0,1,1,1
267,0.0,84.5,58.73717230562402,4,0,0,1,1,1
268,0.0,84.5,51.46637871797389,4,0,0,1,1,1
269,0.0,84.5,56.7795316095844,4,0,0,1,1,1
270,0.0,84.5,57.5974512846569,4,0,0,1,1,1
271,0.0,84.5,54.085855394653706,4,0,0,1,1,1
272,0.0,84.5,24.436207710189173,4,0,0,1,1,1
273,0.0,84.5,32.4538568079295,4,0,0,1,1,1
274,0.0,84.5,58.267979939707985,4,0,0,1,1,1
275,0.0,84.5,57.438122235460064,4,0,0,1,1,1
276,0.0,84.5,51.945704944020605,4,0,0,1,1,1
277,0.0,84.5,58.41893115311225,4,0,0,1,1,1
278,0.0,84.5,55.80351773502568,4,0,0,1,1,1
279,0.0,84.5,53.56778502918301,4,0,0,1,1,1
280,0.0,84.5,58.10894984760321,4,0,0,1,1,1
281,0.0,84.5,52.10186082333358,4,0,0,1,1,1
282,0.0,84.5,57.38546996853195,4,0,0,1,1,1
283,0.0,84.5,53.28536219732195,4,0,0,1,1,1
284,0.0,84.5,54.30363292679769,4,0,0,1,1,1
285,0.0,84.5,57.36898688295879,4,0,0,1,1,1
286,0.0,84.5,54.47997090455655,4,0,0,1,1,1
287,0.0,84.5,54.557922942844506,4,0,0,1,1,1
288,0.0,84.5,52.30914283576319,4,0,0,1,1,1
289,0.0,84.5,59.67990893568583,4,0,0,1,1,1
290,12.6,84.2,52.700868232248986,4,0,0,1,1,1
291,20.0,84.3,59.29015295015691,4,0,0,1,1,1
292,11.1,84.2,52.915623738393215,4,0,0,1,1,1
293,14.3,84.2,55.852562053904336,4,0,0,1,1,1
294,12.0,84.3,54.271311008746956,4,0,0,1,1,1
295,8.0,84.3,51.71194318756242,4,0,0,1,1,1
296,14.8,84.3,59.64511312410233,4,0,0,1,1,1
297,8.0,84.3,52.21927017840913,4,0,0,1,1,1
298,0.0,84.3,55.531629815967165,4,0,0,1,1,1
299,0.0,84.3,56.23371364983174,4,0,0,1,1,1
300,0.0,84.3,56.309964288591146,4,0,0,1,1,1
301,0.0,84.3,50.18610828597068,4,0,0,1,1,1
302,0.0,84.3,55.00221618998911,4,0,0,1,1,1
303,0.0,84.3,59.65189936427119,4,0,0,1,1,1
304,0.0,84.3,23.573173267688436,4,0,0,1,1,1
305,0.0,84.3,35.34694634294334,4,0,0,1,1,1
306,0.0,84.3,57.663174681734446,4,0,0,1,1,1
307,0.0,84.3,54.309258060339246,4,0,0,1,1,1
308,0.0,84.3,54.171776922480824,4,0,0,1,1,1
309,0.0,84.3,54.7645061889591,4,0,0,1,1,1
310,0.0,84.3,52.148501802809896,4,0,0,1,1,1
311,0.0,84.3,58.169391859094375,4,0,0,1,1,1
312,0.0,84.3,55.782737066099216,4,0,0,1,1,1
313,0.0,84.3,54.17387598000594,5,0,0,1,1,1
314,0.0,84.3,55.65468465958096,5,0,0,1,1,1
315,0.0,84.3,53.18198993241787,5,0,0,1,1,1
316,0.0,84.3,56.08183021567343,5,0,0,1,1,1
317,0.0,84.3,53.04478253721339,5,0,0,1,1,1
318,0.0,84.3,60.23788938516997,5,0,0,1,1,1
319,0.0,84.3,52.00431478060332,5,0,0,1,1,1
320,14.3,84.4,56.59947371972201,5,0,0,1,1,1
321,11.1,84.4,55.51913378426675,5,0,0,1,1,1
322,14.3,84.4,52.083745188128646,5,0,0,1,1,1
323,8.0,84.4,57.06458415531761,5,0,0,1,1,1
324,14.8,84.4,52.023665703335276,5,0,0,1,1,1
325,8.7,84.3,59.213982183445566,5,0,0,1,1,1
326,17.9,84.3,53.22855910048479,5,0,0,1,1,1
327,10.7,84.3,55.194020423202446,5,0,0,1,1,1
328,8.7,84.3,58.91703890995927,5,0,0,1,1,1
329,10.7,84.3,51.429145975108824,5,0,0,1,1,1
330,0.0,84.3,56.334922702913246,5,0,0,1,1,1
331,0.0,84.3,53.3707945233369,5,0,0,1,1,1
332,0.0,84.3,60.126494452249204,5,0,0,1,1,1
333,0.0,84.3,51.2456656933058,5,0,0,1,1,1
334,0.0,84.3,57.05992626552573,5,0,0,1,1,1
335,0.0,84.3,54.67812121133113,5,0,0,1,1,1
336,0.0,84.3,23.567212819994158,5,0,0,1,1,1
337,0.0,84.3,32.86891784933428,5,0,0,1,1,1
338,0.0,84.3,65.85084937356737,5,0,0,1,1,1
339,0.0,84.3,54.227106416538454,5,0,0,1,1,1
340,0.0,84.3,56.088579834180265,5,0,0,1,1,1
341,0.0,84.3,55.09614197328149,5,0,0,1,1,1
342,0.0,84.3,52.194576836446444,5,0,0,1,1,1
343,0.0,84.3,58.441722749376474,5,0,0,1,1,1
344,0.0,84.3,53.347035854648134,5,0,0,1,1,1
345,0.0,84.3,54.63823356998632,5,0,0,1,1,1
346,0.0,84.3,57.9635991763519,5,0,0,1,1,1
347,0.0,84.3,52.991838281743526,5,0,0,1,1,1
348,0.0,84.3,54.06006238238857,5,0,0,1,1,1
349,14.0,84.3,55.25801011804384,5,0,0,1,1,1
350,14.8,84.3,57.94358025032465,5,0,0,1,1,1
351,7.4,84.3,50.36267140558584,5,0,0,1,1,1
352,8.3,84.3,58.89635610475321,5,0,0,1,1,1
353,23.3,84.3,55.01808880435495,5,0,0,1,1,1
354,8.0,84.3,53.89612191925163,5,0,0,1,1,1
355,8.3,84.3,56.072833250892366,5,0,0,1,1,1
356,7.1,84.3,53.3246541903987,5,0,0,1,1,1
357,18.5,84.3,55.613360028639995,5,0,0,1,1,1
358,0.0,84.3,54.851164554644484,5,0,0,1,1,1
359,0.0,84.3,54.611200083330075,5,0,0,1,1,1
360,0.0,84.3,57.822959317313924,5,0,0,1,1,1
361,0.0,84.3,55.01736712314392,5,0,0,1,1,1
362,0.0,84.3,53.78071266460655,5,0,0,1,1,1
363,0.0,84.3,54.4453184833262,5,0,0,1,1,1
364,0.0,84.3,56.584202360876894,5,0,0,1,1,1
365,0.0,84.3,52.48193796218671,5,0,0,1,1,1
366,0.0,84.3,57.87721646497123,5,0,0,1,1,1
367,0.0,84.3,57.43104392595027,5,0,0,1,1,1
368,0.0,84.3,23.82247465424701,5,0,0,1,1,1
369,0.0,84.3,31.828801687699674,5,0,0,1,1,1
370,0.0,84.3,68.11478311707293,5,0,0,1,1,1
371,0.0,84.3,52.103155279503106,5,0,0,1,1,1
372,0.0,84.3,55.95986764862845,5,0,0,1,1,1
373,0.0,84.3,56.474491375944204,5,0,0,1,1,1
374,0.0,84.3,52.57601283594063,5,0,0,1,1,1
375,0.0,84.3,57.39489312789075,5,0,0,1,1,1
376,0.0,84.3,53.939788320323046,5,0,0,1,1,1
377,0.0,84.3,57.45071020587067,5,0,0,1,1,1
378,0.0,84.3,53.14358116669201,5,0,0,1,1,1
379,14.1,84.0,57.05526913607117,5,0,0,1,1,1
380,4.3,84.0,55.08745846412482,5,0,0,1,1,1
381,0.0,84.0,55.26456288293036,5,0,0,1,1,1
382,0.0,84.0,55.68497915615624,5,0,0,1,1,1
383,0.0,84.0,52.03657432105505,6,0,0,1,1,1
384,0.0,84.0,59.79135839427504,6,0,0,1,1,1
385,0.0,84.0,52.82631804327565,6,0,0,1,1,1
386,0.0,84.0,56.465367994507346,6,0,0,1,1,1
387,0.0,84.0,55.90318281175028,6,0,0,1,1,1
388,0.0,84.0,54.90070420691641,6,0,0,1,1,1
389,0.0,84.0,53.25086015362153,6,0,0,1,1,1
390,0.0,84.0,54.9661761044203,6,0,0,1,1,1
391,0.0,84.0,56.797984995802075,6,0,0,1,1,1
392,0.0,84.0,51.67371779866698,6,0,0,1,1,1
393,0.0,84.0,59.1947612058259,6,0,0,1,1,1
394,0.0,84.0,54.039863428461,6,0,0,1,1,1
395,0.0,84.0,55.59640518544047,6,0,0,1,1,1
396,0.0,84.0,55.96285424561029,6,0,0,1,1,1
397,0.0,84.0,51.98626690298831,6,0,0,1,1,1
398,0.0,84.0,58.88230008984726,6,0,0,1,1,1
399,0.0,84.0,52.499674560656885,6,0,0,1,1,1
400,0.0,84.0,55.95688137040397,6,0,0,1,1,1
401,0.0,84.0,24.560266079542792,6,0,0,1,1,1
402,0.0,84.0,32.08641436975497,6,0,0,1,1,1
403,0.0,84.0,59.171378590373,6,0,0,1,1,1
404,0.0,84.0,57.34624008750342,6,0,0,1,1,1
405,0.0,84.0,55.840664607519436,6,0,0,1,1,1
406,0.0,84.0,54.23832615639265,6,0,0,1,1,1
407,0.0,84.0,55.527218809574244,6,0,0,1,1,1
408,0.0,84.0,55.33090602079046,6,0,0,1,1,1
409,12.8,84.1,53.565732676049144,6,0,0,1,1,1
410,8.3,84.1,55.71974759216207,6,0,0,1,1,1
411,17.2,84.1,56.545297670405525,6,0,0,1,1,1
412,10.3,84.1,49.81536159245579,6,0,0,1,1,1
413,0.0,84.1,59.955458352988266,6,0,0,1,1,1
414,0.0,84.1,53.04746607307727,6,0,0,1,1,1
415,0.0,84.1,56.905097209220294,6,0,0,1,1,1
416,0.0,84.1,55.20055801955701,6,0,0,1,1,1
417,0.0,84.1,53.15435697267704,6,0,0,1,1,1
418,0.0,84.1,56.16443712422502,6,0,0,1,1,1
419,0.0,84.1,53.95783000784738,6,0,0,1,1,1
420,0.0,84.1,64.4157695083931,6,0,0,1,1,1
421,0.0,84.1,49.25088654564242,6,0,0,1,1,1
422,0.0,84.1,55.57430570277719,6,0,0,1,1,1
423,0.0,84.1,55.63622857749244,6,0,0,1,1,1
424,0.0,84.1,50.63505323900814,6,0,0,1,1,1
425,0.0,84.1,59.637480449310395,6,0,0,1,1,1
426,0.0,84.1,56.91513556056124,6,0,0,1,1,1
427,0.0,84.1,51.38441182956411,6,0,0,1,1,1
428,0.0,84.1,56.573517312075964,6,0,0,1,1,1
429,0.0,84.1,53.88712019014582,6,0,0,1,1,1
430,0.0,84.1,56.63157041977776,6,0,0,1,1,1
431,0.0,84.1,53.621886985425725,6,0,0,1,1,1
432,0.0,84.1,55.22090711605556,6,0,0,1,1,1
433,0.0,84.1,23.96635582373377,6,0,0,1,1,1
434,0.0,84.1,32.747277113701486,6,0,0,1,1,1
435,0.0,84.1,61.835530001474275,6,0,0,1,1,1
436,0.0,84.1,55.572096720768464,6,0,0,1,1,1
437,0.0,84.1,52.74527162977867,6,0,0,1,1,1
438,0.0,84.1,55.86297647904957,7,0,0,1,1,1
439,12.6,83.7,54.01620111012376,7,0,0,1,1,1
440,12.0,83.7,58.30199747014915,7,0,0,1,1,1
441,13.8,83.7,51.403304083533506,7,0,0,1,1,1
442,19.2,83.7,59.634088776409705,7,0,0,1,1,1
443,8.3,83.7,53.85598356445814,7,0,0,1,1,1
444,3.8,83.7,51.67626439967967,7,0,0,1,1,1
445,0.0,83.7,59.07720044508923,7,0,0,1,1,1
446,0.0,83.7,53.42449910201378,7,0,0,1,1,1
447,0.0,83.6,55.07516151058354,7,0,0,1,1,1
448,0.0,83.7,57.18205862304022,7,0,0,1,1,1
449,0.0,83.7,54.15289272203788,7,0,0,1,1,1
450,0.0,83.7,53.774507038642014,7,0,0,1,1,1
451,0.0,83.7,56.1509029813781,0,0,0,1,1,1
452,0.0,83.7,56.70890457261837,0,0,0,1,1,1
453,0.0,83.7,51.185004393244164,0,0,0,1,1,1
454,0.0,83.7,58.93690807408032,0,0,0,1,1,1
455,0.0,83.7,54.389543026090564,0,0,0,1,1,1
456,0.0,83.7,54.15079529022929,0,0,0,1,1,1
457,0.0,83.7,56.73728779168076,0,0,0,1,1,1
458,0.0,83.7,53.11195248888833,0,0,0,1,1,1
459,0.0,83.7,54.13541908670849,0,0,0,1,1,1
460,0.0,83.7,55.950909770022946,0,0,0,1,1,1
461,0.0,83.7,54.44602523495509,0,0,0,1,1,1
462,0.0,83.7,57.29062572564232,0,0,0,1,1,1
463,0.0,83.7,55.51178580409492,0,0,0,1,1,1
464,0.0,83.7,53.68571684564875,0,0,0,1,1,1
465,0.0,83.7,24.115035445497874,0,0,0,1,1,1
466,0.0,83.7,31.900699726194098,0,0,0,1,1,1
467,0.0,83.7,65.33896219213933,0,0,0,1,1,1
468,0.0,83.7,56.32584435640905,0,0,0,1,1,1
469,13.0,83.7,55.27257392862791,0,0,0,1,1,1
470,11.5,83.8,53.199528164280004,0,0,0,1,1,1
471,19.2,83.8,58.79645620724459,0,0,0,1,1,1
472,15.4,83.8,52.252447988040366,0,0,0,1,1,1
473,13.8,83.9,51.85387021400225,0,0,0,1,1,1
474,12.0,83.8,57.78949833974014,0,0,0,1,1,1
475,14.3,83.8,57.38468484491935,0,0,0,1,1,1
476,0.0,83.8,50.49484734662429,0,0,0,1,1,1
477,0.0,83.8,58.861641663275186,0,0,0,1,1,1
478,0.0,83.8,52.266121696220516,0,0,0,1,1,1
479,0.0,83.8,57.20545553737043,0,0,0,1,1,1
480,0.0,83.8,53.36196740499485,0,0,0,1,1,1
481,0.0,83.8,56.063089796027484,0,0,0,1,1,1
482,0.0,83.8,55.91212541324517,0,0,0,1,1,1
483,0.0,83.8,55.58608990670059,0,0,0,1,1,1
484,0.0,83.8,56.28653864218903,0,0,0,1,1,1
485,0.0,83.8,51.66671593988667,0,0,0,1,1,1
486,0.0,83.8,56.772614680761784,0,0,0,1,1,1
487,0.0,83.8,53.230585697062,0,0,0,1,1,1
488,0.0,83.8,57.14544191179476,0,0,0,1,1,1
489,0.0,83.8,56.29635992698378,0,0,0,1,1,1
490,0.0,83.8,54.76164612492166,0,0,0,1,1,1
491,0.0,83.8,53.85667509855031,0,0,0,1,1,1
492,0.0,83.8,52.53979030702359,0,0,0,1,1,1
493,0.0,83.8,58.94519084827702,0,0,0,1,1,1
494,0.0,83.8,51.46890492318264,0,0,0,1,1,1
495,0.0,83.8,61.184268876181584,0,0,0,1,1,1
496,0.0,83.8,52.27393845732019,0,0,0,1,1,1
497,0.0,83.8,24.296636138771586,0,0,0,1,1,1
498,12.7,83.8,32.70514479983781,0,0,0,1,1,1
499,12.5,83.8,62.42638566410668,0,0,0,1,1,1
500,17.9,83.8,52.570741000701894,0,0,0,1,1,1
501,0.0,83.8,58.26878941957712,0,0,0,1,1,1
502,0.0,83.9,54.09492364836979,0,0,0,1,1,1
503,0.0,83.8,56.29409317245359,0,0,0,1,1,1
504,0.0,83.8,55.7227086128788,0,0,0,1,1,1
505,0.0,83.9,51.520113989510016,0,0,0,1,1,1
506,0.0,83.8,58.108144802648894,0,0,0,1,1,1
507,0.0,83.8,54.93593891210101,0,0,0,1,1,1
508,0.0,83.8,54.23552078618995,0,0,0,1,1,1
509,0.0,83.8,55.599353111164135,0,0,0,1,1,1
510,0.0,83.8,56.95455100960037,0,0,0,1,1,1
511,0.0,83.8,52.21341964396863,0,0,0,1,1,1
512,0.0,83.8,57.33056314926189,0,0,0,1,1,1
513,0.0,83.8,54.65959470906366,0,0,0,1,1,1
514,0.0,83.8,51.99657844170334,0,0,0,1,1,1
515,0.0,83.8,57.659211195578955,0,0,0,1,1,1
516,0.0,83.8,53.05014988047506,0,0,0,1,1,1
517,0.0,83.8,55.50003308059757,0,0,0,1,1,1
518,0.0,83.8,54.81532208528824,0,0,0,1,1,1
519,0.0,83.8,54.21308826760764,0,0,0,1,1,1
520,0.0,83.8,55.20855051861212,0,0,0,1,1,1
521,0.0,83.8,53.18873403756166,0,0,0,1,1,1
522,0.0,83.8,57.39489312789075,0,0,0,1,1,1
523,0.0,83.8,54.074698639850446,0,0,0,1,1,1
524,0.0,83.8,56.22014610280812,0,0,0,1,1,1
525,0.0,83.8,55.7315935635605,0,0,0,1,1,1
526,0.0,83.8,51.992066640222134,0,0,0,1,1,1
527,0.0,83.8,57.677447744774476,0,0,0,1,1,1
528,0.0,83.8,53.067601250047446,0,0,0,1,1,1
529,12.4,83.9,24.359287975143015,0,0,0,1,1,1
530,8.8,83.8,34.03445393834644,0,0,0,1,1,1
531,4.0,83.9,58.092853185595565,0,0,0,1,1,1
532,8.0,83.8,52.645303811926546,0,0,0,1,1,1
533,15.4,83.8,58.27202756397788,0,0,0,1,1,1
534,0.0,83.8,51.96436845691631,0,0,0,1,1,1
535,0.0,83.9,57.11976031594716,0,0,0,1,1,1
536,0.0,83.9,53.68777840356356,0,0,0,1,1,1
537,0.0,83.9,55.840664607519436,0,0,0,1,1,1
538,0.0,83.9,55.43841283688224,0,0,0,1,1,1
539,0.0,83.9,53.8338638463908,0,0,0,1,1,1
540,0.0,83.9,56.29938255033557,0,0,0,1,1,1
541,0.0,83.9,55.94344706164804,0,0,0,1,1,1
542,0.0,83.9,56.10658676226657,0,0,0,1,1,1
543,0.0,83.9,52.961058639325216,0,0,0,1,1,1
544,0.0,83.9,57.35251326368758,0,0,0,1,1,1
545,0.0,83.9,53.188059550077355,0,0,0,1,1,1
546,0.0,83.9,54.01272310505576,0,0,0,1,1,1
547,0.0,83.9,57.231214267196094,0,0,0,1,1,1
548,0.0,83.9,53.47081245777081,0,0,0,1,1,1
549,0.0,83.9,56.464607845776904,0,0,0,1,1,1
550,0.0,83.9,56.4015867679688,0,0,0,1,1,1
551,0.0,83.9,55.15120116763751,0,0,0,1,1,1
552,0.0,83.9,53.294163987751105,0,0,0,1,1,1
553,0.0,83.9,53.76968143067752,0,0,0,1,1,1
554,0.0,83.9,55.96210756647854,0,0,0,1,1,1
555,0.0,83.9,53.17996703436034,1,0,0,1,1,1
556,0.0,83.9,58.49225319703795,1,0,0,1,1,1
557,0.0,83.9,55.856281045664595,1,0,0,1,1,1
558,0.0,83.9,52.90961613664173,1,0,0,1,1,1
559,13.5,83.9,60.30631200575126,1,0,0,1,1,1
560,11.5,83.9,51.530241415320354,1,0,0,1,1,1
561,11.1,83.9,24.017545165631173,1,0,0,1,1,1
562,11.1,83.9,34.03776831000203,1,0,0,1,1,1
563,11.1,83.9,59.11883518682961,1,0,0,1,1,1
564,19.2,83.9,53.06155909217418,1,0,0,1,1,1
565,11.1,83.9,57.53740208787742,1,0,0,1,1,1
566,0.0,83.9,52.07792498044426,1,0,0,1,1,1
567,0.0,83.9,58.10975491486443,1,0,0,1,1,1
568,0.0,83.9,52.057887551197716,1,0,0,1,1,1
569,0.0,83.9,54.689528379382736,1,0,0,1,1,1
570,0.0,83.9,58.15568065222817,1,0,0,1,1,1
571,0.0,83.9,55.8072301981186,1,0,0,1,1,1
572,0.0,83.9,53.594479938665984,1,0,0,1,1,1
573,0.0,83.9,54.49058760864199,1,0,0,1,1,1
574,0.0,83.9,56.17948271474303,1,0,0,1,1,1
575,0.0,83.9,51.6877272111107,1,0,0,1,1,1
576,0.0,83.9,58.89304820342886,1,0,0,1,1,1
577,0.0,83.9,54.29519741100324,1,0,0,1,1,1
578,0.0,83.9,54.863361674296925,1,0,0,1,1,1
579,0.0,83.9,44.99457186380313,1,0,0,1,1,1
580,0.0,83.9,20.314449142486282,1,0,0,1,1,1
581,0.0,83.9,57.951586161158396,1,0,0,1,1,1
582,0.0,83.9,59.91691665952401,1,0,0,1,1,1
583,0.0,83.9,54.69523374845146,1,0,0,1,1,1
584,0.0,83.9,53.62805743437624,1,0,0,1,1,1
585,0.0,83.9,57.15712300019078,1,0,0,1,1,1
586,0.0,83.9,52.84362243612357,1,0,0,1,1,1
587,13.1,83.9,56.718106828938474,1,0,0,1,1,1
588,12.0,84.0,54.05170236346297,1,0,0,1,1,1
589,14.8,83.9,56.300138256889355,1,0,0,1,1,1
590,7.7,84.0,54.987073599202915,1,0,0,1,1,1
591,7.7,84.0,55.42376151274495,1,0,0,1,1,1
592,15.4,84.0,54.626847787864186,1,0,0,1,1,1
593,11.4,84.0,23.821392263436188,1,0,0,1,1,1
594,20.0,84.0,33.90651727538763,1,0,0,1,1,1
595,8.7,84.0,64.4543750192089,1,0,0,1,1,1
596,0.0,84.0,50.50518381157658,1,0,0,1,1,1
597,0.0,84.0,54.58561407618527,1,0,0,1,1,1
598,0.0,84.0,56.36975015791525,1,0,0,1,1,1
599,0.0,84.0,50.72261793907438,1,0,0,1,1,1
600,0.0,84.0,61.86197843689621,1,0,0,1,1,1
601,0.0,84.0,54.70165371172205,1,0,0,1,1,1
602,0.0,84.0,54.389543026090564,1,0,0,1,1,1
603,0.0,84.0,54.8698211692678,1,0,0,1,1,1
604,0.0,84.0,55.16353210405871,1,0,0,1,1,1
605,0.0,84.0,56.09458085914513,1,0,0,1,1,1
606,0.0,84.0,51.36427539249063,1,0,0,1,1,1
607,0.0,84.0,56.73728779168076,1,0,0,1,1,1
608,0.0,84.0,52.18613447469268,1,0,0,1,1,1
609,0.0,84.0,59.9126373076978,1,0,0,1,1,1
610,0.0,84.0,53.754520870980556,1,0,0,1,1,1
611,0.0,84.0,57.1462205024797,1,0,0,1,1,1
612,0.0,84.0,55.266747483265696,1,0,0,1,1,1
613,0.0,84.0,49.76098897839576,1,0,0,1,1,1
614,0.0,84.0,60.577189156400294,1,0,0,1,1,1
615,0.0,84.0,51.51188838671645,1,0,0,1,1,1
616,12.8,84.0,55.48167940950819,1,0,0,1,1,1
617,18.5,83.9,62.23095298149824,1,0,0,1,1,1
618,7.4,83.8,52.69027549212969,1,0,0,1,1,1
619,16.0,83.8,53.53291640076579,1,0,0,1,1,1
620,14.8,83.8,53.762789207203745,1,0,0,1,1,1
621,14.8,83.8,57.172705215234046,1,0,0,1,1,1
622,14.8,83.8,52.576671889689756,1,0,0,1,1,1
623,15.4,83.8,59.08136128014424,1,0,0,1,1,1
624,11.5,83.8,52.72272921537572,1,0,0,1,1,1
625,0.0,83.8,24.228426190682494,1,0,0,1,1,1
626,0.0,83.8,33.73362501608545,2,0,0,1,1,1
627,0.0,83.8,58.18310953279325,2,0,0,1,1,1
628,0.0,83.8,52.360731049635476,2,0,0,1,1,1
629,0.0,83.8,56.947591375658504,2,0,0,1,1,1
630,0.0,83.8,54.66315652287241,2,0,0,1,1,1
631,0.0,83.8,54.233416948977215,2,0,0,1,1,1
632,0.0,83.8,57.454645078217034,2,0,0,1,1,1
633,0.0,83.8,62.996455392009615,2,0,0,1,1,1
634,0.0,83.8,48.23201205137936,2,0,0,1,1,1
635,0.0,83.8,53.670603590576974,2,0,0,1,1,1
636,0.0,83.8,57.05449302173736,2,0,0,1,1,1
637,0.0,83.8,53.83870098196521,2,0,0,1,1,1
638,0.0,83.8,56.78645022406953,2,0,0,1,1,1
639,0.0,83.8,52.389507869098175,2,0,0,1,1,1
640,0.0,83.8,55.31558193208045,2,0,0,1,1,1
641,0.0,83.8,55.83843440058577,2,0,0,1,1,1
642,0.0,83.8,52.389507869098175,2,0,0,1,1,1
643,0.0,83.8,58.79151131170979,2,0,0,1,1,1
644,0.0,83.8,53.27385654951671,2,0,0,1,1,1
645,0.0,83.8,55.09324716606901,2,0,0,1,1,1
646,12.2,83.9,55.594931339801704,2,0,0,1,1,1
647,20.7,83.8,53.23869362679766,2,0,0,1,1,1
648,11.5,83.8,55.605249900570065,2,0,0,1,1,1
649,11.1,83.8,55.865952742481156,2,0,0,1,1,1
650,8.7,83.8,57.08400021775818,2,0,0,1,1,1
651,14.8,83.8,53.17457339182028,2,0,0,1,1,1
652,0.0,83.8,56.96692789330001,2,0,0,1,1,1
653,0.0,83.8,54.61760033335938,2,0,0,1,1,1
654,0.0,83.8,51.72724918295616,2,0,0,1,1,1
655,0.0,83.8,58.27526606830244,2,0,0,1,1,1
656,0.0,83.8,53.1287715653738,2,0,0,1,1,1
657,0.0,83.8,23.916611545742764,2,0,0,1,1,1
658,0.0,83.8,35.802545432817475,2,0,0,1,1,1
659,0.0,83.8,54.98130718611541,2,0,0,1,1,1
660,0.0,83.8,53.21977896486531,2,0,0,1,1,1
661,0.0,83.8,59.498737481204074,2,0,0,1,1,1
662,0.0,83.8,52.470776621297034,2,0,0,1,1,1
663,0.0,83.8,54.44743879326012,2,0,0,1,1,1
664,0.0,83.8,57.253869884517734,2,0,0,1,1,1
665,0.0,83.8,55.19329411919519,2,0,0,1,1,1
666,0.0,83.8,53.62737175880939,2,0,0,1,1,1
667,0.0,83.8,55.2216341469837,2,0,0,1,1,1
668,0.0,83.8,54.01550547327753,2,0,0,1,1,1
669,0.0,83.8,53.058202932284225,2,0,0,1,1,1
670,0.0,83.8,57.56425071709921,2,0,0,1,1,1
671,0.0,83.8,56.01666755702762,2,0,0,1,1,1
672,0.0,83.8,54.35923223473606,2,0,0,1,1,1
673,0.0,83.8,55.856281045664595,2,0,0,1,1,1
674,0.0,83.8,52.96038991375936,2,0,0,1,1,1
675,12.5,83.7,56.33189626227218,2,0,0,1,1,1
676,15.4,83.7,55.32141867918804,2,0,0,1,1,1
677,7.7,83.7,53.84837786137037,2,0,0,1,1,1
678,15.4,83.7,58.193603884842176,2,0,0,1,1,1
679,12.0,83.7,54.46299278034592,2,0,0,1,1,1
680,13.8,83.7,53.0931277611109,2,0,0,1,1,1
681,18.5,83.7,56.19001942527966,2,0,0,1,1,1
682,10.7,83.7,56.635393880472066,2,0,0,1,1,1
683,11.5,83.7,51.66671593988667,2,0,0,1,1,1
684,14.8,83.7,56.840319280129016,2,0,0,1,1,1
685,0.0,83.7,55.13017875920084,2,0,0,1,1,1
686,0.0,83.7,54.24814723799423,2,0,0,1,1,1
687,0.0,83.7,59.45319498780972,2,0,0,1,1,1
688,0.0,83.7,50.14291008643466,2,0,0,1,1,1
689,0.0,83.7,24.21010586102998,2,0,0,1,1,1
690,0.0,83.7,35.16204049126043,2,0,0,1,1,1
691,0.0,83.7,56.882716719106,2,0,0,1,1,1
692,0.0,83.7,53.49945790124874,2,0,0,1,1,1
693,0.0,83.7,56.053349726702926,2,0,0,1,1,1
694,0.0,83.7,52.20042314872433,2,0,0,1,1,1
695,0.0,83.7,56.947591375658504,2,0,0,1,1,1
696,0.0,83.7,54.26499165513048,2,0,0,1,1,1
697,0.0,83.7,58.459642911898754,2,0,0,1,1,1
698,0.0,83.7,52.23878143253914,2,0,0,1,1,1
699,0.0,83.7,56.54148636443294,2,0,0,1,1,1
700,0.0,83.7,55.16933680582959,2,0,0,1,1,1
701,0.0,83.7,50.9289426392734,2,0,0,1,1,1
702,0.0,83.7,57.9339760766872,2,0,0,1,1,1
703,0.0,83.7,54.45167990860466,2,0,0,1,1,1
704,0.0,83.7,55.63253882986484,2,0,0,1,1,1
705,12.4,83.7,56.86652114375585,2,0,0,1,1,1
706,11.1,83.7,55.014480587618046,2,0,0,1,1,1
707,11.5,83.7,53.495363816083156,2,0,0,1,1,1
708,13.8,83.7,53.24004518856069,2,0,0,1,1,1
709,11.5,83.7,55.93449443896194,2,0,0,1,1,1
710,14.8,83.7,53.29145543485166,2,0,0,1,1,1
711,14.8,83.7,61.686384092714064,2,0,0,1,1,1
712,0.0,83.7,50.85730914734698,2,0,0,1,1,1
713,0.0,83.7,56.892747175237034,2,0,0,1,1,1
714,0.0,83.7,55.08167097850211,2,0,0,1,1,1
715,0.0,83.7,51.041119561910556,2,0,0,1,1,1
716,0.0,83.7,59.546040489508506,2,0,0,1,1,1
717,0.0,83.7,50.646670289198816,2,0,0,1,1,1
718,0.0,83.7,58.61404734620867,2,0,0,1,1,1
719,0.0,83.7,55.63918072800594,2,0,0,1,1,1
720,0.0,83.7,56.75340982896731,2,0,0,1,1,1
721,0.0,83.7,23.50013446884805,2,0,0,1,1,1
722,0.0,83.7,35.734828282484045,2,0,0,1,1,1
723,0.0,83.7,52.062410784106845,2,0,0,1,1,1
724,0.0,83.7,56.619338813968874,2,0,0,1,1,1
725,0.0,83.7,58.16213217960451,2,0,0,1,1,1
726,0.0,83.7,56.126858381618916,2,0,0,1,1,1
727,0.0,83.7,50.22577207247123,2,0,0,1,1,1
728,0.0,83.7,57.590333653714126,2,0,0,1,1,1
729,0.0,83.7,58.95513325087147,2,0,0,1,1,1
730,0.0,83.7,49.24163516400949,2,0,0,1,1,1
731,0.0,83.7,54.88777219430486,2,0,0,1,1,1
732,0.0,83.7,56.68591199048546,2,0,0,1,1,1
733,0.0,83.7,55.47214029704673,2,0,0,1,1,1
734,0.0,83.7,58.85833766015072,2,0,0,1,1,1
735,12.4,83.8,53.46399663484213,2,0,0,1,1,1
736,15.4,83.8,53.20560178607672,2,0,0,1,1,1
737,12.0,83.7,53.621886985425725,2,0,0,1,1,1
738,19.2,83.8,62.916132903322584,2,0,0,1,1,1
739,16.7,83.8,50.040014793781836,2,0,0,1,1,1
740,4.3,83.8,57.36977157707564,2,0,0,1,1,1
741,10.7,83.8,51.93477049566003,2,0,0,1,1,1
742,15.4,83.8,55.515459551037694,2,0,0,1,1,1
743,14.8,83.8,55.94717816697568,2,0,0,1,1,1
744,0.0,83.8,53.80900087237646,2,0,0,1,1,1
745,0.0,83.8,57.41925061946418,2,0,0,1,1,1
746,0.0,83.8,52.356809387092746,2,0,0,1,1,1
747,0.0,83.8,56.010683190000535,2,0,0,1,1,1
748,0.0,83.8,55.20927722420397,2,0,0,1,1,1
749,0.0,83.8,56.147896279835614,2,0,0,1,1,1
750,0.0,83.8,54.920832787743876,2,0,0,1,1,1
751,0.0,83.8,53.82073885873401,2,0,0,1,1,1
752,0.0,83.8,57.853266941612986,2,0,0,1,1,1
753,0.0,83.8,23.728673180169835,2,0,0,1,1,1
754,0.0,83.8,35.11993837291087,2,0,0,1,1,1
755,0.0,83.8,53.777954431807984,2,0,0,1,1,1
756,0.0,83.8,55.78199518559402,2,0,0,1,1,1
757,0.0,83.8,56.772614680761784,2,0,0,1,1,1
758,0.0,83.8,54.86049127579983,2,0,0,1,1,1
759,0.0,83.8,53.05014988047506,2,0,0,1,1,1
760,0.0,83.8,49.73679592078738,2,0,0,1,1,1
761,0.0,83.8,62.35677861528627,2,0,0,1,1,1
762,0.0,83.8,51.88851088045724,2,0,0,1,1,1
763,0.0,83.8,59.29769697312428,2,0,0,1,1,1
764,12.7,83.8,52.550981030896835,2,0,0,1,1,1
765,7.4,83.8,53.321942537503176,2,0,0,1,1,1
766,20.0,83.8,57.957191615194354,2,0,0,1,1,1
767,4.3,83.8,56.271435662825176,2,0,0,1,1,1
768,10.7,83.8,53.26303224249813,2,0,0,1,1,1
769,13.6,83.8,62.03490504644146,2,0,0,1,1,1
770,24.0,83.8,55.78718876356672,2,0,0,1,1,1
771,14.8,83.8,46.19786320079304,2,0,0,1,1,1
772,11.5,83.8,59.41782122113614,2,0,0,1,1,1
773,0.0,83.8,56.36975015791525,2,0,0,1,1,1
774,0.0,83.8,52.23813082249788,2,0,0,1,1,1
775,0.0,83.8,56.74342844000704,2,0,0,1,1,1
776,0.0,83.8,52.197175035778734,2,0,0,1,1,1
777,0.0,83.8,56.77568866328257,2,0,0,1,1,1
778,0.0,83.8,53.858749807386104,2,0,0,1,1,1
779,0.0,83.8,56.538437689559885,2,0,0,1,1,1
780,0.0,83.8,54.62969378850437,2,0,0,1,1,1
781,0.0,83.8,54.279739103426856,2,0,0,1,1,1
782,0.0,83.8,54.79741841080714,2,0,0,1,1,1
783,0.0,83.8,54.78238835991275,2,0,0,1,1,1
784,0.0,83.8,57.05449302173736,2,0,0,1,1,1
785,0.0,83.8,23.240102616953962,2,0,0,1,1,1
786,0.0,83.8,36.16808229927479,2,0,0,1,1,1
787,0.0,83.8,57.27341499050974,2,0,0,1,1,1
788,0.0,83.8,54.7645061889591,2,0,0,1,1,1
789,0.0,83.8,54.63894533896097,2,0,0,1,1,1
790,0.0,83.8,55.76938623550686,2,0,0,1,1,1
791,0.0,83.8,50.48937681316433,2,0,0,1,1,1
792,0.0,83.8,60.052459767481814,2,0,0,1,1,1
793,0.0,83.8,55.117862727834215,2,0,0,1,1,1
794,12.0,83.8,52.43797664591303,2,0,0,1,1,1
795,18.5,83.8,55.67980459052954,2,0,0,1,1,1
796,8.0,83.8,53.290101261641276,2,0,0,1,1,1
797,17.9,83.8,57.83332414097402,2,0,0,1,1,1
798,8.0,83.8,54.147998967208885,2,0,0,1,1,1
799,0.0,83.8,56.50644644132189,2,0,0,1,1,1
800,0.0,83.8,53.242748517968444,2,0,0,1,1,1
801,0.0,83.8,55.23981614402929,2,0,0,1,1,1
802,0.0,83.8,57.42160889326981,2,0,0,1,1,1
803,0.0,83.8,51.350440744368264,2,0,0,1,1,1
804,0.0,83.8,57.29062572564232,2,0,0,1,1,1
805,0.0,83.8,55.38351027306819,2,0,0,1,1,1
806,0.0,83.8,54.74377749063524,2,0,0,1,1,1
807,0.0,83.8,55.29807907816846,2,0,0,1,1,1
808,0.0,83.8,56.91822499660741,2,0,0,1,1,1
809,0.0,83.8,52.57008209563201,2,0,0,1,1,1
810,0.0,83.8,54.31840138829532,2,0,0,1,1,1
811,0.0,83.8,56.19528926284198,2,0,0,1,1,1
812,0.0,83.8,54.32965894224168,2,0,0,1,1,1
813,0.0,83.8,58.089634923272946,2,0,0,1,1,1
814,0.0,83.8,54.88489924103638,2,0,0,1,1,1
815,0.0,83.8,55.67906544537369,2,0,0,1,1,1
816,0.0,83.8,53.49945790124874,3,0,0,1,1,1
817,0.0,83.8,23.419175083893087,3,0,0,1,1,1
818,0.0,83.8,35.09525403306781,3,0,0,1,1,1
819,0.0,83.8,57.876417828066785,3,0,0,1,1,1
820,0.0,83.8,54.13332300822137,3,0,0,1,1,1
821,0.0,83.8,59.07969687579232,3,0,0,1,1,1
822,0.0,83.8,53.98144120258948,3,0,0,1,1,1
823,12.4,83.8,50.50214323556326,3,0,0,1,1,1
824,12.0,83.8,59.84083548529768,3,0,0,1,1,1
825,11.5,83.8,53.61640333384466,3,0,0,1,1,1
826,12.0,83.8,53.934933004140625,3,0,0,1,1,1
827,11.1,83.8,57.45071020587067,3,0,0,1,1,1
828,0.0,83.8,55.14830057195451,3,0,0,1,1,1
829,0.0,83.8,53.63285765433993,3,0,0,1,1,1
830,0.0,83.8,56.19227780606093,3,0,0,1,1,1
831,0.0,83.8,54.8031463140565,3,0,0,1,1,1
832,0.0,83.8,52.77115285414124,3,0,0,1,1,1
833,0.0,83.8,56.772614680761784,3,0,0,1,1,1
834,0.0,83.8,55.88083881798076,3,0,0,1,1,1
835,0.0,83.8,55.13235274787387,3,0,0,1,1,1
836,0.0,83.8,51.87503401192272,3,0,0,1,1,1
837,0.0,83.8,59.976891837785274,3,0,0,1,1,1
838,0.0,83.8,54.510416531288584,3,0,0,1,1,1
839,0.0,83.8,53.31109868320708,3,0,0,1,1,1
840,0.0,83.8,56.46156745550979,3,0,0,1,1,1
841,0.0,83.8,54.75306772492298,3,0,0,1,1,1
842,0.0,83.8,57.312545263244196,3,0,0,1,1,1
843,0.0,83.8,52.28436444322559,3,0,0,1,1,1
844,0.0,83.8,55.05997873373853,3,0,0,1,1,1
845,0.0,83.8,57.4294712051921,3,0,0,1,1,1
846,0.0,83.8,52.50756134201302,3,0,0,1,1,1
847,0.0,83.8,57.78074114891859,3,0,0,1,1,1
848,0.0,83.8,55.95986764862845,3,0,0,1,1,1
849,0.0,83.8,52.80370631483533,3,0,0,1,1,1
850,0.0,83.8,24.037365824025308,3,0,0,1,1,1
851,0.0,83.8,34.866239390841,3,0,0,1,1,1
852,0.0,83.8,54.34162520729685,3,0,0,1,1,1
853,13.0,83.6,56.93135884245246,3,0,0,1,1,1
854,15.4,83.6,56.09383066080002,3,0,0,1,1,1
855,13.8,83.6,53.92383842020005,3,0,0,1,1,1
856,7.7,83.6,52.87626539591291,3,0,0,1,1,1
857,12.0,83.6,55.23326924596381,3,0,0,1,1,1
858,17.9,83.6,55.82505689909893,3,0,0,1,1,1
859,11.5,83.6,56.63768820471272,3,0,0,1,1,1
860,0.0,83.6,55.41131397468756,3,0,0,1,1,1
861,0.0,83.6,53.68022013182313,3,0,0,1,1,1
862,0.0,83.6,57.9339760766872,3,0,0,1,1,1
863,0.0,83.6,51.99980163649889,3,0,0,1,1,1
864,0.0,83.6,52.993846892491185,3,0,0,1,1,1
865,0.0,83.6,59.29769697312428,3,0,0,1,1,1
866,0.0,83.6,53.1664849790848,3,0,0,1,1,1
867,0.0,83.6,54.97914509300161,3,0,0,1,1,1
868,0.0,83.6,60.01636951606903,3,0,0,1,1,1
869,0.0,83.6,51.96501226553014,3,0,0,1,1,1
870,0.0,83.6,54.35641434366212,3,0,0,1,1,1
871,0.0,83.6,57.34624008750342,3,0,0,1,1,1
872,0.0,83.6,52.93833144011107,3,0,0,1,1,1
873,0.0,83.6,51.617756008713094,3,0,0,1,1,1
874,0.0,83.6,60.18257213780437,3,0,0,1,1,1
875,0.0,83.6,55.782737066099216,3,0,0,1,1,1
876,0.0,83.6,57.9339760766872,3,0,0,1,1,1
877,0.0,83.6,53.081033195388336,3,0,0,1,1,1
878,0.0,83.6,52.300663374731904,3,0,0,1,1,1
879,0.0,83.6,53.777954431807984,3,0,0,1,1,1
880,0.0,83.6,54.941695812211,3,0,0,1,1,1
881,0.0,83.6,56.69280780719895,3,0,0,1,1,1
882,0.0,83.6,24.0275890514545,3,0,0,1,1,1
883,12.4,83.6,34.63933600363381,3,0,0,1,1,1
884,8.0,83.6,53.86774205977165,3,0,0,1,1,1
885,15.4,83.6,58.172618965062895,3,0,0,1,1,1
886,8.3,83.6,53.290101261641276,3,0,0,1,1,1
887,14.3,83.6,54.71378442192045,3,0,0,1,1,1
888,0.0,83.6,56.1509029813781,3,0,0,1,1,1
889,0.0,83.6,55.816142125224566,3,0,0,1,1,1
890,0.0,83.6,53.2961955831152,3,0,0,1,1,1
891,0.0,83.6,54.88777219430486,3,0,0,1,1,1
892,0.0,83.6,56.13286760080834,3,0,0,1,1,1
893,0.0,83.6,50.471757599095085,4,0,0,1,1,1
894,0.0,83.6,60.908832157067756,4,0,0,1,1,1
895,0.0,83.6,54.528842028627516,4,0,0,1,1,1
896,0.0,83.6,52.70881558278354,4,0,0,1,1,1
897,0.0,83.6,57.09332462158336,4,0,0,1,1,1
898,0.0,83.6,53.40477221217755,4,0,0,1,1,1
899,0.0,83.6,55.19983154348284,4,0,0,1,1,1
900,0.0,83.6,54.91436127731445,4,0,0,1,1,1
901,0.0,83.6,59.56972021019742,0,0,0,1,1,1
902,0.0,83.6,57.168808865021056,0,0,0,1,1,1
903,0.0,83.6,51.76299843265991,0,0,0,1,1,1
904,0.0,83.6,53.88712019014582,0,0,0,1,1,1
905,0.0,83.6,52.38558189493668,0,0,0,1,1,1
906,0.0,83.6,58.277695182781954,0,0,0,1,1,1
907,0.0,83.6,52.84295667292404,0,0,0,1,1,1
908,0.0,83.6,55.31922975468214,0,0,0,1,1,1
909,0.0,83.6,57.24136801594017,0,0,0,1,1,1
910,0.0,83.6,54.55579401932857,0,0,0,1,1,1
911,0.0,83.6,55.14177534707615,0,0,0,1,1,1
912,0.0,83.6,52.0159236063744,0,0,0,1,1,1
913,0.0,83.6,58.42788287409801,0,0,0,1,1,1
914,12.7,83.6,23.598240106223766,0,0,0,1,1,1
915,6.1,83.6,35.72204573521271,0,0,0,1,1,1
916,17.2,83.6,56.208091555996305,0,0,0,1,1,1
917,14.3,83.6,55.595668252853145,0,0,0,1,1,1
918,11.1,83.6,53.14896852349334,0,0,0,1,1,1
919,8.0,83.6,55.29735003295979,0,0,0,1,1,1
920,8.3,83.6,52.91896188445476,0,0,0,1,1,1
921,0.0,83.6,60.04988045299011,0,0,0,1,1,1
922,0.0,83.6,52.756550067293055,0,0,0,1,1,1
923,0.0,83.6,57.98844186368036,0,0,0,1,1,1
924,0.0,83.6,52.631431009386134,0,0,0,1,1,1
925,0.0,83.6,53.30838840874428,0,0,0,1,1,1
926,0.0,83.6,58.675545234531285,0,0,0,1,1,1
927,0.0,83.6,50.717097944377265,0,0,0,1,1,1
928,0.0,83.6,58.51020436632489,0,0,0,1,1,1
929,0.0,83.6,55.90020258023243,0,0,0,1,1,1
930,0.0,83.6,55.09035266303277,0,0,0,1,1,1
931,0.0,83.6,52.78709238959437,0,0,0,1,1,1
932,0.0,83.6,56.03163407074917,0,0,0,1,1,1
933,0.0,83.6,56.08258009306306,0,0,0,1,1,1
934,0.0,83.6,51.26633583494267,0,0,0,1,1,1
935,0.0,83.6,61.343551642437184,0,0,0,1,1,1
936,0.0,83.6,52.03205557623124,0,0,0,1,1,1
937,0.0,83.6,56.35687412662582,0,0,0,1,1,1
938,0.0,83.6,58.03257004496714,0,0,0,1,1,1
939,0.0,83.6,52.16731135184886,0,0,0,1,1,1
940,0.0,83.6,53.51857192073599,0,0,0,1,1,1
941,0.0,83.6,53.98074646074646,0,0,0,1,1,1
942,0.0,83.6,57.524776103026895,0,0,0,1,1,1
943,0.0,83.6,56.35157394096546,0,0,0,1,1,1
944,12.5,83.6,55.44794035217598,0,0,0,1,1,1
945,8.0,83.6,53.92938514156402,0,0,0,1,1,1
946,16.7,83.6,23.94528493623046,0,0,0,1,1,1
947,6.3,83.6,34.90395865753493,0,0,0,1,1,1
948,3.8,83.6,55.80351773502568,0,0,0,1,1,1
949,11.5,83.6,54.71378442192045,0,0,0,1,1,1
950,0.0,83.6,55.98227489922853,0,0,0,1,1,1
951,0.0,83.6,53.11329762311793,0,0,0,1,1,1
952,0.0,83.6,58.94850460984934,0,0,0,1,1,1
953,0.0,83.6,53.80140843263767,0,0,0,1,1,1
954,0.0,83.6,52.279150930461554,0,0,0,1,1,1
955,0.0,83.6,58.47594350802348,0,0,0,1,1,1
956,0.0,83.6,54.42483066462513,0,0,0,1,1,1
957,0.0,83.6,54.51112497400707,0,0,0,1,1,1
958,0.0,83.6,55.62589851728071,0,0,0,1,1,1
959,0.0,83.6,55.4017990410398,0,0,0,1,1,1
960,0.0,83.6,53.217077967391994,0,0,0,1,1,1
961,0.0,83.6,55.53971848144175,0,0,0,1,1,1
962,0.0,83.6,54.78882880058521,0,0,0,1,1,1
963,0.0,83.6,55.11424141284066,0,0,0,1,1,1
964,0.0,83.6,56.31601278229813,0,0,0,1,1,1
965,0.0,83.6,54.75592689295039,0,0,0,1,1,1
966,0.0,83.6,52.09215445185489,0,0,0,1,1,1
967,0.0,83.6,58.782447829803935,0,0,0,1,1,1
968,0.0,83.6,54.36486889346865,0,0,0,1,1,1
969,0.0,83.6,53.97796767219191,0,0,0,1,1,1
970,0.0,83.6,56.148647925033465,0,0,0,1,1,1
971,0.0,83.6,54.74377749063524,0,0,0,1,1,1
972,0.0,83.6,54.740205163008014,0,0,0,1,1,1
973,12.4,83.6,54.033597856333095,0,0,0,1,1,1
974,12.0,83.6,56.93135884245246,0,0,0,1,1,1
975,7.7,83.6,52.737313282703816,1,0,0,1,1,1
976,11.5,83.6,57.65366323024055,1,0,0,1,1,1
977,8.0,83.6,55.425958717657316,1,0,0,1,1,1
978,17.0,83.6,23.663076654010414,1,0,0,1,1,1
979,11.4,83.6,34.625895717068985,1,0,0,1,1,1
980,4.2,83.6,57.95318760880979,1,0,0,1,1,1
981,14.3,83.6,53.06692983122043,1,0,0,1,1,1
982,0.0,83.6,56.78952570507873,1,0,0,1,1,1
983,0.0,83.6,57.0482848671146,1,0,0,1,1,1
984,0.0,83.6,51.983045385816624,1,0,0,1,1,1
985,0.0,83.6,56.96770162714259,1,0,0,1,1,1
986,0.0,83.6,54.48704824755125,1,0,0,1,1,1
987,0.0,83.6,57.65366323024055,1,0,0,1,1,1
988,0.0,83.6,50.67481786659256,1,0,0,1,1,1
989,0.0,83.6,57.487719298245615,1,0,0,1,1,1
990,0.0,83.6,55.7315935635605,1,0,0,1,1,1
991,0.0,83.6,54.60053633263038,1,0,0,1,1,1
992,0.0,83.6,54.534513918685235,1,0,0,1,1,1
993,0.0,83.6,54.167579295381756,1,0,0,1,1,1
994,0.0,83.6,57.42789857056794,1,0,0,1,1,1
995,0.0,83.6,50.85915919921425,1,0,0,1,1,1
996,0.0,83.6,63.424173231918466,1,0,0,1,1,1
997,0.0,83.6,52.53781596813388,1,0,0,1,1,1
998,0.0,83.6,53.180641316613624,1,0,0,1,1,1
999,0.0,83.6,56.09083006806906,1,0,0,1,1,1
1000,0.0,83.6,52.257656176023524,1,0,0,1,1,1
1001,0.0,83.6,58.68457577792702,1,0,0,1,1,1
1002,12.0,83.7,51.83720786523797,1,0,0,1,1,1
1003,14.3,83.6,57.31881106935429,1,0,0,1,1,1
1004,14.8,83.7,54.422005968599976,1,0,0,1,1,1
1005,14.8,83.7,54.48350934621929,1,0,0,1,1,1
1006,4.2,83.7,56.69280780719895,1,0,0,1,1,1
1007,14.8,83.7,51.82375762967356,1,0,0,1,1,1
1008,0.0,83.7,62.07805816621032,1,0,0,1,1,1
1009,0.0,83.7,51.216255159108115,1,0,0,1,1,1
1010,0.0,83.7,24.86382794577067,1,0,0,1,1,1
1011,0.0,83.7,34.51477098796926,1,0,0,1,1,1
1012,0.0,83.7,54.77380346065949,1,0,0,1,1,1
1013,0.0,83.7,51.936699769682264,1,0,0,1,1,1
1014,0.0,83.7,59.018179771486466,1,0,0,1,1,1
1015,0.0,83.7,50.69441724983985,1,0,0,1,1,1
1016,0.0,83.7,58.544505394804794,1,0,0,1,1,1
1017,0.0,83.7,57.49796427543285,1,0,0,1,1,1
1018,0.0,83.7,53.946032154340834,1,0,0,1,1,1
1019,0.0,83.7,54.17737477072515,1,0,0,1,1,1
1020,0.0,83.7,55.20564388754344,1,0,0,1,1,1
1021,0.0,83.7,55.42376151274495,1,0,0,1,1,1
1022,0.0,83.7,51.974027261462204,1,0,0,1,1,1
1023,0.0,83.7,61.00184708466047,1,0,0,1,1,1
1024,0.0,83.7,53.083720400440434,1,0,0,1,1,1
1025,0.0,83.7,58.7651525765685,1,0,0,1,1,1
1026,0.0,83.7,52.955040717126444,1,0,0,1,1,1
1027,0.0,83.7,54.92946384137877,1,0,0,1,1,1
1028,0.0,83.7,55.06576166156835,1,0,0,1,1,1
1029,0.0,83.7,53.61845957174816,1,0,0,1,1,1
1030,0.0,83.7,54.935219384413884,1,0,0,1,1,1
1031,0.0,83.7,56.03837161142063,1,0,0,1,1,1
1032,12.2,83.6,56.54834708515343,1,0,0,1,1,1
1033,12.0,83.7,52.60106849933533,1,0,0,1,1,1
1034,7.7,83.7,55.327986492190796,1,0,0,1,1,1
1035,0.0,83.7,58.041403741835495,1,0,0,1,1,1
1036,0.0,83.7,50.85237633365664,1,0,0,1,1,1
1037,0.0,83.7,58.041403741835495,1,0,0,1,1,1
1038,0.0,83.7,56.72501048132971,1,0,0,1,1,1
1039,0.0,83.7,53.93701374689763,1,0,0,1,1,1
1040,0.0,83.7,54.81532208528824,1,0,0,1,1,1
1041,0.0,83.7,55.447207350122284,1,0,0,1,1,1
1042,0.0,83.7,23.713647645485743,1,0,0,1,1,1
1043,0.0,83.7,35.679806727121154,1,0,0,1,1,1
1044,0.0,83.7,56.892747175237034,1,0,0,1,1,1
1045,0.0,83.7,52.48193796218671,1,0,0,1,1,1
1046,0.0,83.7,55.738259136212626,1,0,0,1,1,1
1047,0.0,83.7,54.20888423610303,1,0,0,1,1,1
1048,0.0,83.7,55.15482734134603,1,0,0,1,1,1
1049,0.0,83.7,54.3683923988282,1,0,0,1,1,1
1050,0.0,83.7,56.063089796027484,1,0,0,1,1,1
1051,0.0,83.7,54.338809141317306,1,0,0,1,1,1
1052,0.0,83.7,57.637025738274865,1,0,0,1,1,1
1053,0.0,83.7,54.778810991536936,1,0,0,0,1,0
1054,0.0,83.7,51.839770606483825,1,0,0,0,1,0
1055,0.0,83.7,58.561670994945686,1,0,0,0,1,0
1056,0.0,83.7,52.137481820328915,1,0,0,0,1,0
1057,0.0,83.7,57.90758100813188,1,0,0,0,1,0
1058,0.0,83.7,53.760721884693275,1,0,0,0,1,0
1059,0.0,83.7,53.12406115030461,1,0,0,0,1,0
1060,0.0,83.7,57.65128585762786,1,0,0,0,1,0
1061,12.0,83.7,53.1287715653738,1,0,0,0,1,0
1062,17.9,83.7,55.912870759181494,1,0,0,0,1,0
1063,7.4,83.7,52.449124035563784,1,0,0,-1,1,1
1064,12.0,83.7,56.325087959605725,1,0,0,-1,1,1
1065,7.7,83.7,54.79741841080714,1,0,0,-1,1,1
1066,11.5,83.7,54.9661761044203,1,0,0,-1,1,1
1067,17.2,83.7,54.85475137977034,1,0,0,-1,1,1
1068,7.7,83.7,53.1523361761985,1,0,0,-1,1,1
1069,4.3,83.7,58.82696812016999,1,0,0,-1,1,1
1070,0.0,83.7,53.200202942668696,1,0,0,-1,1,1
1071,0.0,83.7,59.75132486181549,1,0,0,-1,1,1
1072,0.0,83.7,52.82831412557466,1,0,0,-1,1,1
1073,0.0,83.7,55.138150889324166,1,0,0,-1,1,1
1074,0.0,83.7,23.835606473904345,1,0,0,-1,1,1
1075,0.0,83.7,34.66338294724837,1,0,0,0,1,0
1076,0.0,83.7,53.46195222678257,1,0,0,-1,1,1
1077,0.0,83.7,56.5034015438294,1,0,0,-1,1,1
1078,0.0,83.7,56.22994422994423,1,0,0,-1,1,1
1079,0.0,83.7,56.132116378041275,1,0,0,0,1,0
1080,0.0,83.7,53.50491765636362,1,0,0,-1,1,1
1081,0.0,83.7,53.44424057084608,1,0,0,0,1,0
1082,0.0,83.7,56.08782979633864,1,0,0,-1,1,1
1083,0.0,83.7,53.412933295978405,1,0,0,-1,1,1
1084,0.0,83.7,58.14278189026588,1,0,0,-1,1,1
1085,0.0,83.7,54.740205163008014,1,0,0,0,1,0
1086,0.0,83.7,56.87577462878839,1,0,0,0,1,0
1087,0.0,83.7,53.559576560125656,1,0,0,0,1,0
1088,0.0,83.7,53.22518178241945,1,0,0,0,1,0
1089,0.0,83.7,67.96247265656648,1,0,0,0,1,0
1090,13.7,83.5,47.69398012326306,1,0,0,0,1,0
1091,4.2,83.5,57.531088402715866,1,0,0,0,1,0
1092,11.5,83.5,55.13887574275648,1,0,0,0,1,0
1093,15.4,83.5,57.38625511362859,1,0,0,0,1,0
1094,11.5,83.5,52.91295352475148,1,0,0,0,1,0
1095,0.0,83.5,52.74527162977867,1,0,0,0,1,0
1096,0.0,83.5,58.09929078014184,1,0,0,0,1,0
1097,0.0,83.5,60.94688966709775,1,0,0,0,1,0
1098,0.0,83.5,52.04819755537631,1,0,0,0,1,0
1099,0.0,83.5,56.35687412662582,1,0,0,0,1,0
1100,0.0,83.5,47.97602516442665,1,0,0,0,1,0
1101,0.0,83.5,59.424555835765496,1,0,0,0,1,0
1102,0.0,83.5,50.86471016250303,1,0,0,0,1,0
1103,0.0,83.5,58.78491941135249,1,0,0,0,1,0
1104,0.0,83.5,53.04411169566977,1,0,0,0,1,0
1105,0.0,83.5,57.05216480541915,1,0,0,0,1,0
1106,0.0,83.5,24.938188217946582,1,0,0,0,1,0
1107,0.0,83.5,34.24089343151501,1,0,0,0,1,0
1108,0.0,83.5,55.313393469430814,1,0,0,0,1,0
1109,0.0,83.5,52.43273245493412,1,0,0,0,1,0
1110,0.0,83.5,54.45167990860466,1,0,0,0,1,0
1111,0.0,83.5,61.16107206392721,1,0,0,0,1,0
1112,0.0,83.5,54.68097255719966,1,0,0,0,1,0
1113,0.0,83.5,48.14011730003328,1,0,0,0,1,0
1114,0.0,83.5,57.49087121004441,1,0,0,-1,1,1
1115,0.0,83.5,49.125710069220766,1,0,0,0,1,0
1116,0.0,83.5,60.665683126500625,1,0,0,0,1,0
1117,0.0,83.5,51.92384064968184,1,0,0,0,1,0
1118,0.0,83.5,55.37400488481088,1,0,0,-1,1,1
1119,0.0,83.5,55.93151086811575,1,0,0,0,1,0
1120,14.4,83.9,56.78952570507873,1,0,0,-1,1,1
1121,10.7,83.9,51.271349289783146,1,0,0,0,1,0
1122,7.7,83.9,55.527218809574244,1,0,0,0,1,0
1123,0.0,83.9,56.89969340966438,1,0,0,0,1,0
1124,0.0,83.9,49.61559572253241,1,0,0,0,1,0
1125,0.0,83.9,62.115751436526274,1,0,0,0,1,0
1126,0.0,83.9,55.000052452137425,1,0,0,0,1,0
1127,0.0,83.9,54.43613238157041,1,0,0,0,1,0
1128,0.0,83.9,54.76164612492166,1,0,0,0,1,0
1129,0.0,83.9,52.778457279476534,1,0,0,0,1,0
1130,0.0,83.9,56.43345935982132,1,0,0,0,1,0
1131,0.0,83.9,51.197500122064355,1,0,0,0,1,0
1132,0.0,83.9,57.249962463999566,1,0,0,0,1,0
1133,0.0,83.9,55.27548761201898,1,0,0,0,1,0
1134,0.0,83.9,55.47580879824353,1,0,0,0,1,0
1135,0.0,83.9,56.334922702913246,1,0,0,0,1,0
1136,0.0,83.9,51.49544505831798,1,0,0,0,1,0
1137,0.0,83.9,55.93449443896194,1,0,0,0,1,0
1138,0.0,83.9,23.27143602206021,1,0,0,0,1,0
1139,0.0,83.9,36.64363718963499,1,0,0,0,1,0
1140,0.0,83.9,56.408413577922424,1,0,0,0,1,0
1141,0.0,83.9,54.48421708970928,1,0,0,0,1,0
1142,0.0,83.9,55.84735629735164,1,0,0,0,1,0
1143,0.0,83.9,54.78882880058521,1,0,0,0,1,0
1144,0.0,83.9,49.63497153947197,1,0,0,0,1,0
1145,0.0,83.9,63.47408405090876,1,0,0,0,1,0
1146,0.0,83.9,51.29329468882611,1,0,0,0,1,0
1147,0.0,83.9,54.55579401932857,1,0,0,0,1,0
1148,0.0,83.9,55.854049591179056,1,0,0,0,1,0
1149,12.5,83.7,53.69121468528783,1,0,0,0,1,0
1150,14.3,83.7,53.69465140691809,1,0,0,0,1,0
1151,15.4,83.7,55.06214718932969,1,0,0,0,1,0
1152,11.5,83.7,57.03121940606984,1,0,0,0,1,0
1153,7.7,83.7,52.532551789784826,1,0,0,0,1,0
1154,0.0,83.8,57.607735413690804,1,0,0,0,1,0
1155,0.0,83.7,53.952277434043815,1,0,0,0,1,0
1156,0.0,83.7,52.92096497426062,1,0,0,0,1,0
1157,0.0,83.7,56.353845327027464,1,0,0,0,1,0
1158,0.0,83.7,52.257656176023524,1,0,0,0,1,0
1159,0.0,83.7,60.110122246585554,2,0,0,0,1,0
1160,0.0,83.7,55.21218423789277,2,0,0,0,1,0
1161,0.0,83.7,51.9940001735487,2,0,0,0,1,0
1162,0.0,83.7,55.74789000093039,2,0,0,0,1,0
1163,0.0,83.7,54.09492364836979,2,0,0,0,1,0
1164,0.0,83.7,54.61760033335938,2,0,0,0,1,0
1165,0.0,83.7,55.7315935635605,2,0,0,0,1,0
1166,0.0,83.7,57.580055736309596,2,0,0,0,1,0
1167,0.0,83.7,55.030360282348,2,0,0,0,1,0
1168,0.0,83.7,54.74306298780965,2,0,0,0,1,0
1169,0.0,83.7,58.26878941957712,2,0,0,0,1,0
1170,0.0,83.7,23.10707596024593,2,0,0,0,1,0
1171,0.0,83.7,36.660932801901964,2,0,0,0,1,0
1172,0.0,83.7,52.05078120152393,2,0,0,0,1,0
1173,0.0,83.7,58.861641663275186,2,0,0,0,1,0
1174,0.0,83.7,51.54924107417194,2,0,0,0,1,0
1175,0.0,83.7,53.254240731335706,2,0,0,0,1,0
1176,0.0,83.7,52.76517800981256,2,0,0,0,1,0
1177,0.0,83.7,58.54532257614249,2,0,0,0,1,0
1178,0.0,83.7,53.013271316261786,2,0,0,0,1,0
1179,12.5,83.8,62.90197960407919,2,0,0,0,1,0
1180,13.8,83.8,50.55388286909253,2,0,0,0,1,0
1181,14.8,83.8,54.49341942860112,2,0,0,0,1,0
1182,0.0,83.8,53.873277246162736,2,0,0,0,1,0
1183,0.0,83.8,53.07230165759838,2,0,0,0,1,0
1184,0.0,83.8,58.04220693854393,2,0,0,0,1,0
1185,0.0,83.8,50.51248268802312,2,0,0,0,1,0
1186,0.0,83.8,60.50378662204463,2,0,0,0,1,0
1187,0.0,83.8,52.46618215478529,2,0,0,0,1,0
1188,0.0,83.8,54.60906699997396,2,0,0,0,1,0
1189,0.0,83.8,54.73449040845622,2,0,0,0,1,0
1190,0.0,83.8,55.47214029704673,2,0,0,0,1,0
1191,0.0,83.8,54.434012952123865,2,0,0,0,1,0
1192,0.0,83.8,52.09668364178363,2,0,0,0,1,0
1193,0.0,83.8,54.70807518228182,2,0,0,0,1,0
1194,0.0,83.8,59.4077221608453,2,0,0,0,1,0
1195,0.0,83.8,53.29145543485166,2,0,0,0,1,0
1196,0.0,83.8,54.09213309259737,2,0,0,0,1,0
1197,0.0,83.8,53.03673355841331,2,0,0,0,1,0
1198,0.0,83.8,56.041366594070254,2,0,0,0,1,0
1199,0.0,83.8,52.05336510418606,2,0,0,0,1,0
1200,0.0,83.8,60.00606598185928,2,0,0,0,1,0
1201,0.0,83.8,54.98419024147243,2,0,0,0,1,0
1202,0.0,83.8,23.458207260667006,2,0,0,0,1,0
1203,0.0,83.8,36.40035755508691,2,0,0,0,1,0
1204,0.0,83.8,55.42083217716468,2,0,0,0,1,0
1205,0.0,83.8,54.227106416538454,2,0,0,0,1,0
1206,0.0,83.8,56.84725271746496,2,0,0,0,1,0
1207,0.0,83.8,53.91413440279706,2,0,0,0,1,0
1208,12.1,83.8,52.43797664591303,2,0,0,0,1,0
1209,14.8,83.8,57.96760462159323,2,0,0,0,1,0
1210,0.0,83.8,51.848101265822784,2,0,0,0,1,0
1211,0.0,83.8,56.078830906635645,2,0,0,0,1,0
1212,0.0,83.8,53.94325693854979,2,0,0,0,1,0
1213,0.0,83.8,59.33712474888946,2,0,0,0,1,0
1214,0.0,83.8,52.12128442191073,2,0,0,0,1,0
1215,0.0,83.8,56.957644726299925,2,0,0,0,1,0
1216,0.0,83.8,52.65653953348231,2,0,0,0,1,0
1217,0.0,83.8,51.536573078577135,2,0,0,0,1,0
1218,0.0,83.8,57.19531452415693,2,0,0,0,1,0
1219,0.0,83.8,53.47831187045773,2,0,0,0,1,0
1220,0.0,83.8,63.262503770739066,2,0,0,0,1,0
1221,0.0,83.8,51.76491496556661,2,0,0,0,1,0
1222,0.0,83.8,55.13597644336944,2,0,0,0,1,0
1223,0.0,83.8,51.16065525779735,2,0,0,0,1,0
1224,0.0,83.8,56.312988373029725,2,0,0,0,1,0
1225,0.0,83.8,58.88230008984726,2,0,0,0,1,0
1226,0.0,83.8,50.24081261079967,2,0,0,0,1,0
1227,0.0,83.8,58.11539101036413,2,0,0,0,1,0
1228,0.0,83.8,54.58774532771097,2,0,0,0,1,0
1229,0.0,83.8,53.27385654951671,2,0,0,0,1,0
1230,0.0,83.8,55.000052452137425,2,0,0,0,1,0
1231,0.0,83.8,52.91295352475148,2,0,0,0,1,0
1232,0.0,83.8,57.457793364201756,2,0,0,0,1,0
1233,0.0,83.8,53.50423512603327,2,0,0,0,1,0
1234,0.0,83.8,55.041914910369805,2,0,0,0,1,0
1235,0.0,83.8,24.204377708656736,2,0,0,0,1,0
1236,0.0,83.8,35.68739630218925,2,0,0,0,1,0
1237,0.0,83.8,55.5367768759186,2,0,0,0,1,0
1238,12.6,83.7,53.31109868320708,2,0,0,0,1,0
1239,8.0,83.6,52.90494450050454,2,0,0,0,1,0
1240,17.2,83.7,56.12009954775348,2,0,0,0,1,0
1241,16.0,83.7,57.70760298285683,2,0,0,0,1,0
1242,13.8,83.7,54.32121533938585,2,0,0,0,1,0
1243,11.5,83.7,55.22090711605556,2,0,0,0,1,0
1244,14.8,83.7,56.51253722092726,2,0,0,0,1,0
1245,8.3,83.7,53.75796570198149,2,0,0,0,1,0
1246,10.0,83.7,51.368678889419606,2,0,0,0,1,0
1247,16.7,83.7,60.43404463783986,2,0,0,0,1,0
1248,0.0,83.7,53.44151674226594,2,0,0,0,1,0
1249,0.0,83.7,52.86893387450526,2,0,0,0,1,0
1250,0.0,83.7,54.96689644326789,2,0,0,0,1,0
1251,0.0,83.7,55.834717784877526,2,0,0,0,1,0
1252,0.0,83.7,55.34989046952941,2,0,0,0,1,0
1253,0.0,83.7,52.809689888319504,2,0,0,0,1,0
1254,0.0,83.7,56.442572432076005,2,0,0,0,1,0
1255,0.0,83.7,54.04264859362719,2,0,0,0,1,0
1256,0.0,83.7,56.911274237099555,2,0,0,0,1,0
1257,0.0,83.7,53.98908454330141,2,0,0,0,1,0
1258,0.0,83.7,51.32467786737803,2,0,0,0,1,0
1259,0.0,83.7,65.26474341020135,2,0,0,0,1,0
1260,0.0,83.7,49.32444287646263,2,0,0,-1,1,1
1261,0.0,83.7,54.64179260031266,2,0,0,0,1,0
1262,0.0,83.7,57.543717158967745,2,0,0,0,1,0
1263,0.0,83.7,53.68640401402862,2,0,0,0,1,0
1264,0.0,83.7,56.2495507335783,2,0,0,0,1,0
1265,0.0,83.7,58.52408327286934,2,0,0,0,1,0
1266,0.0,83.7,46.68741512500278,2,0,0,0,1,0
1267,0.0,83.7,24.606950930467228,3,0,0,0,1,0
1268,13.6,83.8,37.05346478674158,3,0,0,0,1,0
1269,8.0,84.0,53.79519802996101,3,0,0,0,1,0
1270,14.3,84.0,52.001735745192605,3,0,0,0,1,0
1271,14.3,84.0,53.78967887555145,3,0,0,0,1,0
1272,14.3,84.0,53.57941800158402,3,0,0,0,1,0
1273,0.0,84.0,56.1035848047084,3,0,0,0,1,0
1274,0.0,84.0,53.78071266460655,3,0,0,0,1,0
1275,0.0,84.0,55.57430570277719,3,0,0,0,1,0
1276,0.0,84.0,66.61326133566267,3,0,0,0,1,0
1277,0.0,84.0,48.48513993087265,3,0,0,-1,1,1
1278,0.0,84.0,49.71144797506311,3,0,0,-1,1,1
1279,0.0,84.0,59.551958654569724,3,0,0,-1,1,1
1280,0.0,84.0,49.808262774762795,3,0,0,-1,1,1
1281,0.0,84.0,55.80426018812948,3,0,0,-1,1,1
1282,0.0,84.0,57.05526913607117,3,0,0,-1,1,1
1283,0.0,84.0,52.490476309663855,3,0,0,-1,1,1
1284,0.0,84.0,56.63157041977776,3,0,0,-1,1,1
1285,0.0,84.0,53.73179605431719,3,0,0,-1,1,1
1286,0.0,84.0,57.296104038030705,3,0,0,-1,1,1
1287,0.0,84.0,52.501646033872,3,0,0,-1,1,1
1288,0.0,84.0,57.89079666537846,3,0,0,-1,1,1
1289,0.0,84.0,55.17877205214897,3,0,0,-1,1,1
1290,0.0,84.0,52.54308120161351,3,0,0,-1,1,1
1291,0.0,84.0,58.0149107155207,3,0,0,-1,1,1
1292,0.0,84.0,53.169180843242145,3,0,0,-1,1,1
1293,0.0,84.0,55.75974794272876,4,0,0,-1,1,1
1294,0.0,84.0,53.2961955831152,4,0,0,-1,1,1
1295,0.0,84.0,56.882716719106,4,0,0,-1,1,1
1296,0.0,84.0,55.36157968374647,4,0,0,-1,1,1
1297,0.0,84.0,55.20855051861212,4,0,0,-1,1,1
1298,12.3,83.8,55.57725128531298,4,0,0,-1,1,1
1299,11.1,83.8,23.335525400719934,4,0,0,-1,1,1
1300,9.1,83.8,36.35460943729848,4,0,0,-1,1,1
1301,12.0,83.8,53.41021265758309,4,0,0,-1,1,1
1302,20.0,83.9,62.135995970489766,4,0,0,0,1,0
1303,15.4,83.9,52.02043954953614,4,0,0,0,1,0
1304,13.3,83.9,52.12128442191073,4,0,0,0,1,0
1305,0.0,83.8,54.58490369599167,4,0,0,1,1,1
1306,0.0,83.8,57.471177429741985,4,0,0,1,1,1
1307,0.0,83.8,52.33655681860721,4,0,0,1,1,1
1308,0.0,83.8,57.9275750628401,4,0,0,1,1,1
1309,0.0,83.8,60.14373799076544,4,0,0,1,1,1
1310,0.0,83.8,52.369230000874005,4,0,0,1,1,1
1311,0.0,83.8,52.43863224354566,4,0,0,1,1,1
1312,0.0,83.8,53.00724152312106,4,0,0,1,1,1
1313,0.0,83.8,53.87050951078231,4,0,0,1,1,1
1314,0.0,83.8,56.25256833239452,4,0,0,1,1,1
1315,0.0,83.8,59.41782122113614,4,0,0,1,1,1
1316,0.0,83.8,51.153791740859084,4,0,0,1,1,1
1317,0.0,83.8,58.20733298176469,4,0,0,1,1,1
1318,0.0,83.8,55.36450275878455,4,0,0,1,1,1
1319,0.0,83.8,50.08482995796714,4,0,0,1,1,1
1320,0.0,83.8,58.53388411298426,4,0,0,1,1,1
1321,0.0,83.8,56.558259954961635,4,0,0,1,1,1
1322,0.0,83.8,54.147998967208885,4,0,0,1,1,1
1323,0.0,83.8,53.53906638924701,4,0,0,1,1,1
1324,0.0,83.8,57.051388775537966,4,0,0,1,1,1
1325,0.0,83.8,51.506827782689854,4,0,0,1,1,1
1326,0.0,83.8,55.63253882986484,4,0,0,1,1,1
1327,0.0,83.8,58.40022277917015,4,0,0,0,1,0
1328,12.6,83.8,51.97531537336737,4,0,0,-1,1,1
1329,4.8,83.8,59.05973133571771,4,0,0,-1,1,1
1330,13.3,83.8,52.873599152873545,4,0,0,-1,1,1
1331,13.3,83.8,24.221850059481874,4,0,0,-1,1,1
1332,20.0,83.7,37.90638867048053,5,0,0,-1,1,1
1333,8.0,83.7,48.82093304776981,5,0,0,-1,1,1
1334,0.0,83.7,55.37692927212474,5,0,0,-1,1,1
1335,0.0,83.7,67.28650036095291,5,0,0,-1,1,1
1336,0.0,83.7,48.37274530608479,5,0,0,-1,1,1
1337,0.0,83.7,56.19227780606093,5,0,0,-1,1,1
1338,0.0,83.7,52.581944914563664,5,0,0,-1,1,1
1339,0.0,83.7,52.61492529824253,5,0,0,-1,1,1
1340,0.0,83.7,68.91385570872286,5,0,0,-1,1,1
1341,0.0,83.7,45.871472942823395,5,0,0,-1,1,1
1342,0.0,83.7,54.030813623950124,5,0,0,-1,1,1
1343,0.0,83.7,60.350566195197054,5,0,0,-1,1,1
1344,0.0,83.7,54.09213309259737,5,0,0,0,1,0
1345,0.0,83.7,54.35711878904124,5,0,0,0,1,0
1346,0.0,83.7,55.527953928642354,5,0,0,1,1,1
1347,0.0,83.7,56.34778870439035,5,0,0,1,1,1
1348,0.0,83.7,51.29015848170612,5,0,0,1,1,1
1349,0.0,83.7,59.07720044508923,5,0,0,1,1,1
1350,0.0,83.7,55.24927551504294,5,0,0,1,1,1
1351,0.0,83.7,53.803478885525166,0,0,0,1,1,1
1352,0.0,83.7,55.26019420033992,0,0,0,1,1,1
1353,0.0,83.7,52.76517800981256,0,0,0,1,1,1
1354,0.0,83.7,55.88828483104147,0,0,0,1,1,1
1355,0.0,83.7,55.09035266303277,0,0,0,1,1,1
1356,0.0,83.7,54.229209764170456,0,0,0,1,1,1
1357,0.0,83.7,55.72937206026946,0,0,0,1,1,1
1358,12.7,83.8,56.68897659079851,0,0,0,1,1,1
1359,12.0,83.8,57.090993235057915,0,0,0,1,1,1
1360,17.9,83.8,50.92152292152292,0,0,0,1,1,1
1361,11.1,83.8,56.62239622004725,0,0,0,1,1,1
1362,0.0,83.8,52.94635057688909,0,0,0,1,1,1
1363,0.0,83.8,24.42894917702424,0,0,0,0,1,0
1364,0.0,83.8,36.00631824737312,0,0,0,-1,1,1
1365,0.0,83.8,52.84362243612357,0,0,0,-1,1,1
1366,0.0,83.8,55.93151086811575,0,0,0,-1,1,1
1367,0.0,83.8,52.595791638452084,0,0,0,-1,1,1
1368,0.0,83.8,54.49341942860112,0,0,0,-1,1,1
1369,0.0,83.8,54.56431071042943,0,0,0,-1,1,1
1370,0.0,83.8,59.35391843319277,0,0,0,-1,1,1
1371,0.0,83.8,54.12982990475699,0,0,0,-1,1,1
1372,0.0,83.8,53.993254550603744,0,0,0,-1,1,1
1373,0.0,83.8,51.7062057743041,0,0,0,-1,1,1
1374,0.0,83.8,56.300138256889355,0,0,0,-1,1,1
1375,0.0,83.8,53.378265904781294,0,0,0,-1,1,1
1376,0.0,83.8,60.84962787796138,0,0,0,-1,1,1
1377,0.0,83.8,53.245452121919946,0,0,0,-1,1,1
1378,0.0,83.8,54.01063651699138,0,0,0,-1,1,1
1379,0.0,83.8,55.388629910861674,0,0,0,-1,1,1
1380,0.0,83.8,52.87959857787639,0,0,0,-1,1,1
1381,0.0,83.8,57.91317795206009,0,0,0,-1,1,1
1382,0.0,83.8,52.27719613121946,0,0,0,0,1,0
1383,0.0,83.8,54.636098374322636,0,0,0,0,1,0
1384,0.0,83.8,58.404288797604956,0,0,0,0,1,0
1385,0.0,83.8,54.083763152465444,0,0,0,0,1,0
1386,0.0,83.8,55.79386764216827,0,0,0,0,1,0
1387,12.7,83.8,52.64001807251597,0,0,0,0,1,0
1388,15.4,83.8,55.13235274787387,0,0,0,0,1,0
1389,0.0,83.8,49.70261174574584,0,0,0,-1,1,1
1390,0.0,83.8,60.09634204003267,0,0,0,-1,1,1
1391,0.0,83.8,53.80692999448372,0,0,0,-1,1,1
1392,0.0,83.8,58.356345827420206,0,0,0,-1,1,1
1393,0.0,83.8,54.290980635808225,0,0,0,-1,1,1
1394,0.0,83.8,53.73179605431719,0,0,0,-1,1,1
1395,0.0,83.8,24.08069951830609,0,0,0,-1,1,1
1396,0.0,83.8,34.65965921298362,0,0,0,-1,1,1
1397,0.0,83.8,57.88760075080049,0,0,0,-1,1,1
1398,0.0,83.8,57.32899592684727,0,0,0,-1,1,1
1399,0.0,83.8,52.45830779813645,0,0,0,-1,1,1
1400,0.0,83.8,53.83870098196521,0,0,0,-1,1,1
1401,0.0,83.8,59.19643209981088,0,0,0,-1,1,1
1402,0.0,83.8,53.475584567916975,0,0,0,-1,1,1
1403,0.0,83.8,57.99485633693759,0,0,0,-1,1,1
1404,0.0,83.8,52.65389540284717,0,0,0,-1,1,1
1405,0.0,83.8,58.58866585648633,0,0,0,-1,1,1
1406,0.0,83.8,55.20346411508443,0,0,0,-1,1,1
1407,0.0,83.8,51.66353390404631,0,0,0,-1,1,1
1408,0.0,83.8,63.71126942414898,0,0,0,-1,1,1
1409,0.0,83.8,48.58905030003939,0,0,0,-1,1,1
1410,0.0,83.8,57.68617365112985,0,0,0,-1,1,1
1411,0.0,83.8,56.87577462878839,0,0,0,-1,1,1
1412,0.0,83.8,52.49310405246427,0,0,0,-1,1,1
1413,0.0,83.8,56.72117491142185,0,0,0,-1,1,1
1414,0.0,83.8,53.6047542973992,0,0,0,-1,1,1
1415,0.0,83.8,47.83595077610885,0,0,0,-1,1,1
1416,0.0,83.8,61.95426883308715,0,0,0,-1,1,1
1417,12.4,83.8,56.530055528599924,0,0,0,-1,1,1
1418,12.5,83.8,55.790899054257174,0,0,0,-1,1,1
1419,14.3,83.8,56.76723601223507,0,0,0,-1,1,1
1420,8.3,83.8,53.1685068515725,0,0,0,-1,1,1
1421,13.8,83.8,52.296098649676445,0,0,0,-1,1,1
1422,8.0,83.8,56.50035697447296,0,0,0,-1,1,1
1423,17.2,83.8,55.91361612499,0,0,0,-1,1,1
1424,11.5,83.8,56.885802636575704,0,0,0,-1,1,1
1425,8.7,83.8,54.951053348705585,0,0,0,-1,1,1
1426,0.0,83.8,55.18167585417516,0,0,0,-1,1,1
1427,0.0,83.8,23.59332864576009,0,0,0,-1,1,1
1428,0.0,83.8,35.97142391574686,0,0,0,-1,1,1
1429,0.0,83.8,53.190757602658074,0,0,0,-1,1,1
1430,0.0,83.8,55.014480587618046,0,0,0,-1,1,1
1431,0.0,83.8,58.16213217960451,0,0,0,-1,1,1
1432,0.0,83.8,54.8361050099362,0,0,0,-1,1,1
1433,0.0,83.8,51.88337600969805,0,0,0,-1,1,1
1434,0.0,83.8,57.4514971372216,0,0,0,-1,1,1
1435,0.0,83.8,54.019679563134304,0,0,0,-1,1,1
1436,0.0,83.8,51.867336086859744,0,0,0,-1,1,1
1437,0.0,83.8,56.18625586068319,0,0,0,-1,1,1
1438,0.0,83.8,58.913728685001544,0,0,0,0,1,0
1439,0.0,83.8,50.712805445730105,0,0,0,0,1,0
1440,0.0,83.8,54.526006526006526,0,0,0,0,1,0
1441,0.0,83.8,52.46880746569259,0,0,0,0,1,0
1442,0.0,83.8,59.42118833763069,0,0,0,0,1,0
1443,0.0,83.8,54.745921111024096,0,0,0,0,1,0
1444,0.0,83.8,54.546570603688195,0,0,0,0,1,0
1445,0.0,83.8,55.39960375115572,0,0,0,0,1,0
1446,0.0,83.8,53.99047447416523,0,0,0,0,1,0
1447,12.6,83.9,54.611200083330075,0,0,0,0,1,0
1448,3.8,83.8,54.85762117764001,0,0,0,0,1,0
1449,14.8,83.8,54.306445347903775,0,0,0,0,1,0
1450,14.8,83.8,54.06075916736483,0,0,0,0,1,0
1451,16.7,83.8,55.21218423789277,0,0,0,0,1,0
1452,12.5,83.8,58.51020436632489,0,0,0,0,1,0
1453,4.0,83.8,52.72869444968257,0,0,0,0,1,0
1454,17.9,83.8,54.12703574654794,0,0,0,0,1,0
1455,14.3,83.8,53.36400417313418,0,0,0,0,1,0
1456,0.0,83.8,54.37473585957452,0,0,0,0,1,0
1457,0.0,83.8,56.02265320297056,0,0,0,0,1,0
1458,0.0,83.8,60.764117868629214,0,0,0,0,1,0
1459,0.0,83.8,23.52346286938526,0,0,0,0,1,0
1460,0.0,83.8,35.46710186962515,0,0,0,0,1,0
1461,0.0,83.8,53.146274708565635,0,0,0,0,1,0
1462,0.0,83.8,55.13960061524708,0,0,0,0,1,0
1463,0.0,83.8,40.12190665684577,0,0,0,0,1,0
1464,0.0,83.8,21.04908588147323,0,0,0,0,1,0
1465,0.0,83.8,62.37161509063601,0,0,0,0,1,0
1466,0.0,83.8,56.5034015438294,0,0,0,0,1,0
1467,0.0,83.8,55.667241791203246,0,0,0,0,1,0
1468,0.0,83.8,53.03673355841331,0,0,0,0,1,0
1469,0.0,83.8,55.31485242528948,0,0,0,0,1,0
1470,0.0,83.8,56.83492777582048,0,0,0,0,1,0
1471,0.0,83.8,55.11134470343994,0,0,0,0,1,0
1472,0.0,83.8,56.63768820471272,1,0,0,0,1,0
1473,0.0,83.8,53.46195222678257,1,0,0,0,1,0
1474,0.0,83.8,50.25044328365362,1,0,0,0,1,0
1475,12.8,83.8,56.458527392650424,1,0,0,0,1,0
1476,8.0,83.8,56.284272678475574,1,0,0,0,1,0
1477,8.7,83.8,57.057597605767924,1,0,0,0,1,0
1478,14.3,83.8,54.529550950362726,1,0,0,0,1,0
1479,14.8,83.8,53.79519802996101,1,0,0,0,1,0
1480,17.2,83.8,56.09833215188519,1,0,0,0,1,0
1481,11.5,83.8,53.58215590587394,1,0,0,0,1,0
1482,7.7,83.8,56.558259954961635,1,0,0,0,1,0
1483,0.0,83.8,51.66926185079334,1,0,0,0,1,0
1484,0.0,83.8,58.07837381262289,1,0,0,0,1,0
1485,0.0,83.8,51.81991598715098,1,0,0,0,1,0
1486,0.0,83.8,56.83492777582048,1,0,0,0,1,0
1487,0.0,83.8,57.71792648859899,1,0,0,0,1,0
1488,0.0,83.8,49.79111564851967,1,0,0,0,1,0
1489,0.0,83.8,58.13955809375953,1,0,0,0,1,0
1490,0.0,83.8,54.84829543225536,1,0,0,0,1,0
1491,0.0,83.8,24.060393290654183,1,0,0,0,1,0
1492,0.0,83.8,32.06973170116296,1,0,0,0,1,0
1493,0.0,83.8,65.24849880215301,1,0,0,0,1,0
1494,0.0,83.8,50.851759799226485,1,0,0,0,1,0
1495,0.0,83.8,59.41445448621696,1,0,0,0,1,0
1496,0.0,83.8,52.42159203109573,1,0,0,0,1,0
1497,0.0,83.8,56.864208242950106,1,0,0,0,1,0
1498,0.0,83.8,54.88130847235852,1,0,0,0,1,0
1499,0.0,83.8,55.37108080634728,1,0,0,0,1,0
1500,0.0,83.8,54.58206236010619,1,0,0,0,1,0
1501,0.0,83.8,52.252447988040366,1,0,0,0,1,0
1502,0.0,83.8,58.782447829803935,1,0,0,0,1,0
1503,0.0,83.8,51.7011069200996,1,0,0,0,1,0
1504,0.0,83.8,58.493068920313505,1,0,0,0,1,0
1505,12.8,83.6,56.42055421038472,1,0,0,0,1,0
1506,17.9,83.6,53.436069917953425,1,0,0,0,1,0
1507,11.5,83.6,54.83897285706814,1,0,0,0,1,0
1508,14.3,83.6,54.78811312128535,1,0,0,0,1,0
1509,11.5,83.6,55.266747483265696,1,0,0,0,1,0
1510,8.0,83.6,53.290101261641276,1,0,0,0,1,0
1511,0.0,83.6,53.79519802996101,1,0,0,0,1,0
1512,0.0,83.6,56.589546398985405,1,0,0,0,1,0
1513,0.0,83.6,53.38234208550229,1,0,0,0,1,0
1514,0.0,83.6,54.279739103426856,1,0,0,0,1,0
1515,0.0,83.6,55.45453824287698,1,0,0,0,1,0
1516,0.0,83.6,53.80416907190045,1,0,0,0,1,0
1517,0.0,83.6,52.56481144962591,1,0,0,0,1,0
1518,0.0,83.6,58.537968765264964,1,0,0,0,1,0
1519,0.0,83.6,55.23981614402929,1,0,0,0,1,0
1520,0.0,83.6,53.923145160253526,1,0,0,0,1,0
1521,0.0,83.6,57.04595715742945,1,0,0,0,1,0
1522,0.0,83.6,52.112865751382245,1,0,0,0,1,0
1523,0.0,83.6,25.20857774786037,1,0,0,0,1,0
1524,0.0,83.6,30.981939591812615,1,0,0,0,1,0
1525,0.0,83.6,64.5754403251632,1,0,0,0,1,0
1526,0.0,83.6,54.10608875128999,1,0,0,0,1,0
1527,0.0,83.6,56.37884266415754,1,0,0,0,1,0
1528,0.0,83.6,54.103297043496205,1,0,0,0,1,0
1529,0.0,83.6,55.4266911580088,1,0,0,0,1,0
1530,0.0,83.6,53.17727007632426,1,0,0,0,1,0
1531,0.0,83.6,56.236729549629274,1,0,0,0,1,0
1532,0.0,83.6,53.63628690903976,1,0,0,0,1,0
1533,0.0,83.6,57.70760298285683,1,0,0,0,1,0
1534,0.0,83.6,53.43879319131587,1,0,0,0,1,0
1535,13.4,83.7,51.046089062519016,1,0,0,0,1,0
1536,12.5,83.7,57.26715910487295,1,0,0,0,1,0
1537,11.1,83.7,51.268842439799535,1,0,0,0,1,0
1538,11.5,83.7,57.524776103026895,1,0,0,0,1,0
1539,14.3,83.7,53.7834711803552,1,0,0,0,1,0
1540,4.5,83.7,55.31922975468214,1,0,0,0,1,0
1541,0.0,83.7,52.963064917353805,1,0,0,0,1,0
1542,0.0,83.7,55.13960061524708,1,0,0,0,1,0
1543,0.0,83.7,56.18324537198275,1,0,0,0,1,0
1544,0.0,83.7,52.23032476588962,1,0,0,0,1,0
1545,0.0,83.7,57.864440918810786,1,0,0,0,1,0
1546,0.0,83.7,52.56151783252713,1,0,0,0,1,0
1547,0.0,83.7,56.5186293137136,1,0,0,0,1,0
1548,0.0,83.7,54.66244412297507,1,0,0,0,1,0
1549,0.0,83.7,52.831641264642904,1,0,0,0,1,0
1550,0.0,83.7,57.820567962503446,1,0,0,0,1,0
1551,0.0,83.7,51.67690108915283,1,0,0,0,1,0
1552,0.0,83.7,56.669828273411426,1,0,0,0,1,0
1553,0.0,83.7,55.30974641646777,1,0,0,0,1,0
1554,0.0,83.7,55.93822435016871,1,0,0,0,1,0
1555,0.0,83.7,23.332799287939476,1,0,0,0,1,0
1556,0.0,83.7,33.46367850389743,1,0,0,0,1,0
1557,0.0,83.7,60.371414177761785,1,0,0,0,1,0
1558,0.0,83.7,48.66628763705981,1,0,0,0,1,0
1559,0.0,83.7,65.3807207881282,1,0,0,0,1,0
1560,0.0,83.7,54.766651433048246,1,0,0,0,1,0
1561,0.0,83.7,52.72272921537572,1,0,0,0,1,0
1562,0.0,83.7,54.8124567112296,1,0,0,0,1,0
1563,0.0,83.7,56.72807931076457,1,0,0,0,1,0
1564,0.0,83.7,52.19782462602982,1,0,0,0,1,0
1565,13.2,83.5,58.42788287409801,1,0,0,0,1,0
1566,11.1,83.5,53.7869197230059,1,0,0,0,1,0
1567,10.7,83.5,53.99533979582641,1,0,0,0,1,0
1568,19.2,83.5,56.50949166700349,1,0,0,0,1,0
1569,17.2,83.4,51.09085815214081,1,0,0,0,1,0
1570,4.2,83.5,52.91629133391368,1,0,0,0,1,0
1571,14.3,83.4,54.20608191064528,1,0,0,0,1,0
1572,0.0,83.4,57.40196252856889,1,0,0,0,1,0
1573,0.0,83.4,53.47353927355712,1,0,0,0,1,0
1574,0.0,83.4,55.64213319182807,1,0,0,0,1,0
1575,0.0,83.4,57.38861067783159,1,0,0,0,1,0
1576,0.0,83.4,50.7330478747853,1,0,0,0,1,0
1577,0.0,83.4,61.8884495071711,1,0,0,0,1,0
1578,0.0,83.4,51.1456826856244,1,0,0,0,1,0
1579,0.0,83.4,56.34097655987642,1,0,0,0,1,0
1580,0.0,83.4,55.7227086128788,1,0,0,0,1,0
1581,0.0,83.4,54.88130847235852,1,0,0,0,1,0
1582,0.0,83.4,54.35148373720358,1,0,0,0,1,0
1583,0.0,83.4,53.65343976258091,1,0,0,0,1,0
1584,0.0,83.4,56.366719974197366,1,0,0,0,1,0
1585,0.0,83.4,54.15638880280963,1,0,0,0,1,0
1586,0.0,83.4,55.912870759181494,1,0,0,0,1,0
1587,0.0,83.4,23.718072834200406,1,0,0,0,1,0
1588,0.0,83.4,35.715049643216,1,0,0,0,1,0
1589,0.0,83.4,53.40477221217755,1,0,0,0,1,0
1590,0.0,83.4,56.464607845776904,1,0,0,0,1,0
1591,0.0,83.4,54.758786359601025,1,0,0,0,1,0
1592,0.0,83.4,54.562181288375484,1,0,0,0,1,0
1593,0.0,83.4,54.96689644326789,1,0,0,0,1,0
1594,13.1,83.5,55.287874194271254,1,0,0,0,1,0
1595,12.0,83.5,56.6055845715751,1,0,0,0,1,0
1596,11.1,83.5,50.6711446692842,1,0,0,0,1,0
1597,11.5,83.5,58.924488276365885,1,0,0,0,1,0
1598,11.5,83.5,52.84029378787306,1,0,0,0,1,0
1599,0.0,83.5,54.103297043496205,1,0,0,0,1,0
1600,0.0,83.5,56.271435662825176,1,0,0,0,1,0
1601,0.0,83.5,53.46195222678257,1,0,0,0,1,0
1602,0.0,83.5,56.300138256889355,1,0,0,0,1,0
1603,0.0,83.5,53.55684096277852,1,0,0,0,1,0
1604,0.0,83.5,57.06070252768482,1,0,0,0,1,0
1605,0.0,83.5,51.90263701723775,1,0,0,0,1,0
1606,0.0,83.5,59.125502192024136,1,0,0,0,1,0
1607,0.0,83.5,53.72628990111185,1,0,0,0,1,0
1608,0.0,83.5,53.1948051948052,1,0,0,0,1,0
1609,0.0,83.5,58.90049150400225,1,0,0,0,1,0
1610,0.0,83.5,50.720164459761776,1,0,0,0,1,0
1611,0.0,83.5,53.844230201419826,1,0,0,0,1,0
1612,0.0,83.5,54.69238091512472,1,0,0,0,1,0
1613,0.0,83.5,59.53082775065289,1,0,0,0,1,0
1614,0.0,83.5,52.781778141320075,1,0,0,0,1,0
1615,0.0,83.5,55.756041794060565,1,0,0,0,1,0
1616,0.0,83.5,54.04264859362719,1,0,0,0,1,0
1617,0.0,83.5,54.6062231480276,1,0,0,0,1,0
1618,0.0,83.5,55.55295956344949,1,0,0,0,1,0
1619,0.0,83.5,51.50366541007159,1,0,0,0,1,0
1620,0.0,83.5,25.16803878741329,1,0,0,0,1,0
1621,0.0,83.5,32.591547325806374,1,0,0,0,1,0
1622,0.0,83.5,58.07837381262289,1,0,0,0,1,0
1623,0.0,83.5,55.47214029704673,1,0,0,0,1,0
1624,13.0,83.5,55.67980459052954,1,0,0,0,1,0
1625,7.7,83.5,49.4733837388976,1,0,0,0,1,0
1626,19.2,83.5,61.31933743658718,1,0,0,0,1,0
1627,7.4,83.5,53.937707363493736,1,0,0,0,1,0
1628,0.0,83.3,55.60819876435181,1,0,0,0,1,0
1629,0.0,83.3,54.90286013482558,1,0,0,0,1,0
1630,0.0,83.3,53.573943032315746,1,0,0,0,1,0
1631,0.0,83.3,55.15772862365535,1,0,0,0,1,0
1632,0.0,83.3,51.837848526794545,1,0,0,0,1,0
1633,0.0,83.3,56.84725271746496,1,0,0,0,1,0
1634,0.0,83.3,54.47855565657878,1,0,0,0,1,0
1635,0.0,83.3,57.002541416941874,1,0,0,0,1,0
1636,0.0,83.3,53.78071266460655,1,0,0,0,1,0
1637,0.0,83.3,52.96373371047581,1,0,0,0,1,0
1638,0.0,83.3,57.55319236521811,1,0,0,0,1,0
1639,0.0,83.3,52.30196772825897,1,0,0,0,1,0
1640,0.0,83.3,55.313393469430814,1,0,0,0,1,0
1641,0.0,83.3,58.18068829673607,1,0,0,0,1,0
1642,0.0,83.3,56.28125167731201,1,0,0,0,1,0
1643,0.0,83.3,51.90456390456391,1,0,0,0,1,0
1644,0.0,83.3,53.65412610492114,1,0,0,0,1,0
1645,0.0,83.3,56.948364584323365,1,0,0,0,1,0
1646,0.0,83.3,52.59513210528296,1,0,0,0,1,0
1647,0.0,83.3,56.27672078357708,1,0,0,0,1,0
1648,0.0,83.3,53.77174944232199,1,0,0,0,1,0
1649,0.0,83.3,54.10050562377464,1,0,0,0,1,0
1650,0.0,83.3,58.41404955224712,1,0,0,0,1,0
1651,0.0,83.3,51.19812506866204,1,0,0,0,1,0
1652,0.0,83.3,24.639620269524045,1,0,0,0,1,0
1653,13.8,83.3,32.749066945672034,1,0,0,0,1,0
1654,15.4,83.3,60.135977174645504,1,0,0,0,1,0
1655,12.0,83.3,57.333697851167365,1,0,0,0,1,0
1656,11.5,83.3,53.62531483730742,1,0,0,0,1,0
1657,11.1,83.3,51.717044179479906,1,0,0,0,1,0
1658,7.7,83.3,56.90123724766659,1,0,0,0,1,0
1659,15.4,83.3,53.412933295978405,1,0,0,0,1,0
1660,15.4,83.3,57.36192560175055,1,0,0,0,1,0
1661,14.3,83.3,56.163685056239956,1,0,0,0,1,0
1662,8.3,83.3,55.60819876435181,1,0,0,0,1,0
1663,0.0,83.3,51.89878367175223,1,0,0,0,1,0
1664,0.0,83.3,53.98630489625702,1,0,0,0,1,0
1665,0.0,83.3,57.62356432378964,1,0,0,0,1,0
1666,0.0,83.3,51.82503830376118,1,0,0,0,1,0
1667,0.0,83.3,58.54777425703876,1,0,0,0,1,0
1668,0.0,83.3,55.505908820221,1,0,0,0,1,0
1669,0.0,83.3,53.04746607307727,1,0,0,0,1,0
1670,0.0,83.3,54.96689644326789,1,0,0,0,1,0
1671,0.0,83.3,54.86049127579983,1,0,0,0,1,0
1672,0.0,83.3,55.02025396159093,1,0,0,0,1,0
1673,0.0,83.3,53.57873356922959,1,0,0,0,1,0
1674,0.0,83.3,57.188295928662974,1,0,0,0,1,0
1675,0.0,83.3,54.001596498004375,1,0,0,0,1,0
1676,0.0,83.3,55.90318281175028,1,0,0,0,1,0
1677,0.0,83.3,55.24199878829386,1,0,0,0,1,0
1678,0.0,83.3,50.92399592054781,1,0,0,0,1,0
1679,0.0,83.3,58.67472441385485,1,0,0,0,1,0
1680,0.0,83.3,52.81767009608241,1,0,0,0,1,0
1681,0.0,83.3,56.15391000495361,1,0,0,0,1,0
1682,0.0,83.3,56.28049647769205,1,0,0,0,1,0
1683,0.0,83.3,55.09324716606901,1,0,0,0,1,0
1684,12.5,83.3,23.61179040284627,1,0,0,0,1,0
1685,8.3,83.3,33.07654211945807,1,0,0,0,1,0
1686,23.1,83.3,58.63453231375728,1,0,0,0,1,0
1687,15.4,83.3,57.14310626702997,1,0,0,0,1,0
1688,14.3,83.3,54.657457843571635,1,0,0,0,1,0
1689,0.0,83.3,52.93833144011107,1,0,0,0,1,0
1690,0.0,83.3,56.346274752142726,1,0,0,0,1,0
1691,0.0,83.3,54.866232373178455,1,0,0,0,1,0
1692,0.0,83.3,55.07299202983233,1,0,0,0,1,0
1693,0.0,83.3,52.862936869036965,1,0,0,0,1,0
1694,0.0,83.3,57.99726213028388,1,0,0,0,1,0
1695,0.0,83.3,51.79687808733452,1,0,0,0,1,0
1696,0.0,83.3,57.44834954115875,1,0,0,0,1,0
1697,0.0,83.3,55.08673496191226,1,0,0,0,1,0
1698,0.0,83.3,52.008183813409055,1,0,0,0,1,0
1699,0.0,83.3,57.474327527851244,1,0,0,0,1,0
1700,0.0,83.3,52.326110009107126,1,0,0,0,1,0
1701,0.0,83.3,54.06633409386803,1,0,0,0,1,0
1702,0.0,83.3,57.55714128883522,1,0,0,0,1,0
1703,0.0,83.3,54.66885639060504,1,0,0,0,1,0
1704,0.0,83.3,53.00188285840652,1,0,0,0,1,0
1705,0.0,83.3,54.350779437871736,1,0,0,0,1,0
1706,0.0,83.3,56.46840879410854,1,0,0,0,1,0
1707,0.0,83.3,50.99643756003258,1,0,0,0,1,0
1708,0.0,83.3,59.94089233143739,1,0,0,0,1,0
1709,0.0,83.3,54.28254905005954,1,0,0,0,1,0
1710,0.0,83.3,54.752352979570524,1,0,0,0,1,0
1711,0.0,83.3,54.72877684699496,1,0,0,0,1,0
1712,0.0,83.3,53.552738090678105,1,0,0,0,1,0
1713,0.0,83.3,53.95783000784738,1,0,0,0,1,0
1714,12.1,83.3,54.953933232010904,1,0,0,0,1,0
1715,14.3,83.3,57.03509702334816,1,0,0,0,1,0
1716,9.5,83.4,23.955542101926472,1,0,0,0,1,0
1717,15.8,83.3,33.449534260558885,1,0,0,0,1,0
1718,14.8,83.3,56.957644726299925,1,0,0,0,1,0
1719,8.0,83.4,54.036382375676375,1,0,0,0,1,0
1720,17.2,83.4,54.312774360634506,1,0,0,0,1,0
1721,11.5,83.4,57.474327527851244,1,0,0,0,1,0
1722,4.3,83.4,54.65104824944297,1,0,0,0,1,0
1723,0.0,83.4,56.89197547610005,1,0,0,0,1,0
1724,0.0,83.4,52.12193212461632,1,0,0,0,1,0
1725,0.0,83.4,53.946032154340834,1,0,0,0,1,0
1726,0.0,83.4,56.59947371972201,1,0,0,0,1,0
1727,0.0,83.4,50.43837560277547,1,0,0,0,1,0
1728,0.0,83.4,59.9015138531848,1,0,0,0,1,0
1729,0.0,83.4,54.085855394653706,1,0,0,0,1,0
1730,0.0,83.4,54.76736655176016,1,0,0,0,1,0
1731,0.0,83.4,55.28860298963908,1,0,0,0,1,0
1732,0.0,83.4,53.708402694189054,1,0,0,0,1,0
1733,0.0,83.4,56.80875501137718,1,0,0,0,1,0
1734,0.0,83.4,52.290882796623904,1,0,0,0,1,0
1735,0.0,83.4,57.27028687685186,1,0,0,0,1,0
1736,0.0,83.4,53.081033195388336,1,0,0,0,1,0
1737,0.0,83.4,56.51939091766608,1,0,0,0,1,0
1738,0.0,83.4,54.22079735250013,1,0,0,0,1,0
1739,0.0,83.4,53.31380923327232,1,0,0,0,1,0
1740,0.0,83.4,57.3133284140909,1,0,0,0,1,0
1741,0.0,83.4,52.35027458811782,1,0,0,0,1,0
1742,0.0,83.4,54.76736655176016,1,0,0,0,1,0
1743,0.0,83.4,56.973118352599194,1,0,0,0,1,0
1744,12.2,83.3,54.653896772344055,1,0,0,0,1,0
1745,10.7,83.3,52.75986817278422,1,0,0,0,1,0
1746,11.5,83.3,55.42083217716468,1,0,0,0,1,0
1747,17.9,83.4,55.857024903449194,1,0,0,0,1,0
1748,15.6,83.3,23.939544759252072,1,0,0,0,1,0
1749,8.6,83.3,32.9448210316307,1,0,0,0,1,0
1750,8.3,83.3,61.740866134777875,1,0,0,0,1,0
1751,17.9,83.3,54.033597856333095,1,0,0,0,1,0
1752,8.0,83.3,53.7166568479291,1,0,0,0,1,0
1753,0.0,83.3,56.554446901461624,1,0,0,0,1,0
1754,0.0,83.3,53.5931103217398,1,0,0,0,1,0
1755,0.0,83.3,55.71604675876727,1,0,0,0,1,0
1756,0.0,83.3,53.021983439732004,1,0,0,0,1,0
1757,0.0,83.3,58.436023183236735,1,0,0,0,1,0
1758,0.0,83.3,53.73179605431719,1,0,0,0,1,0
1759,0.0,83.3,52.205620970351745,1,0,0,0,1,0
1760,0.0,83.3,58.705931752652354,1,0,0,0,1,0
1761,0.0,83.3,51.8186355662079,1,0,0,0,1,0
1762,0.0,83.3,55.7975788213383,1,0,0,0,1,0
1763,0.0,83.3,56.37581150284278,1,0,0,0,1,0
1764,0.0,83.3,53.146274708565635,1,0,0,0,1,0
1765,0.0,83.3,54.2530591126633,1,0,0,0,1,0
1766,0.0,83.3,52.72604306779469,1,0,0,0,1,0
1767,0.0,83.3,59.53505273168585,1,0,0,0,1,0
1768,0.0,83.3,50.96359659781288,1,0,0,0,1,0
1769,0.0,83.3,58.36690277062662,1,0,0,0,1,0
1770,0.0,83.3,54.41000428087745,1,0,0,0,1,0
1771,0.0,83.3,53.03941627992261,1,0,0,0,1,0
1772,0.0,83.3,56.45016890755171,1,0,0,0,1,0
1773,12.1,83.3,53.08976760670346,1,0,0,0,1,0
1774,12.0,83.3,55.023862935705196,1,0,0,0,1,0
1775,20.7,83.3,54.91508025871324,1,0,0,0,1,0
1776,13.8,83.3,55.98526388851811,1,0,0,0,1,0
1777,7.7,83.3,53.911362467866326,1,0,0,0,1,0
1778,18.5,83.3,57.15945979094836,1,0,0,0,1,0
1779,4.2,83.3,55.76048923158734,1,0,0,0,1,0
1780,13.0,83.3,22.859111098999918,1,0,0,0,1,0
1781,0.0,83.3,35.86438533035768,1,0,0,0,1,0
1782,0.0,83.3,57.37212578822821,1,0,0,0,1,0
1783,0.0,83.3,52.07727837099578,1,0,0,0,1,0
1784,0.0,83.3,57.770395162734324,1,0,0,0,1,0
1785,0.0,83.3,56.39476161024014,1,0,0,0,1,0
1786,0.0,83.3,50.01972499493161,1,0,0,0,1,0
1787,0.0,83.3,59.81864597743771,1,0,0,0,1,0
1788,0.0,83.3,53.80140843263767,1,0,0,0,1,0
1789,0.0,83.3,53.37351114730734,1,0,0,0,1,0
1790,0.0,83.3,57.17504328030644,1,0,0,0,1,0
1791,0.0,83.3,52.72604306779469,1,0,0,0,1,0
1792,0.0,83.3,56.58343900925451,2,0,0,0,1,0
1793,0.0,83.3,54.20888423610303,2,0,0,0,1,0
1794,0.0,83.3,56.325087959605725,2,0,0,0,1,0
1795,0.0,83.3,51.72533543804262,2,0,0,0,1,0
1796,0.0,83.3,59.447296435405,2,0,0,0,1,0
1797,0.0,83.3,52.831641264642904,2,0,0,0,1,0
1798,0.0,83.3,53.917599722332916,2,0,0,0,1,0
1799,0.0,83.3,57.823756479541196,2,0,0,0,1,0
1800,0.0,83.3,50.28176848566223,2,0,0,0,1,0
1801,0.0,83.3,61.72087821531579,0,0,0,0,1,0
1802,12.7,83.3,51.015666050403816,0,0,0,0,1,0
1803,7.7,83.3,56.3796005054171,0,0,0,0,1,0
1804,14.3,83.3,55.96658794016786,0,0,0,0,1,0
1805,8.3,83.3,55.26456288293036,0,0,0,0,1,0
1806,11.1,83.3,53.27927035300992,0,0,0,0,1,0
1807,14.8,83.3,54.350779437871736,0,0,0,0,1,0
1808,15.4,83.3,57.970809376382135,0,0,0,0,1,0
1809,0.0,83.3,51.09085815214081,0,0,0,0,1,0
1810,0.0,83.3,58.170198602019305,0,0,0,0,1,0
1811,0.0,83.3,54.73163347861263,0,0,0,0,1,0
1812,0.0,83.3,23.779525237692976,0,0,0,0,1,0
1813,0.0,83.3,34.07260822589948,0,0,0,0,1,0
1814,0.0,83.3,59.1672050670767,0,0,0,0,1,0
1815,0.0,83.3,50.82095212707952,0,0,0,0,1,0
1816,0.0,83.3,60.71749735809725,0,0,0,0,1,0
1817,0.0,83.3,53.7834711803552,0,0,0,0,1,0
1818,0.0,83.3,55.226723899561534,0,0,0,0,1,0
1819,0.0,83.3,55.08094762830278,0,0,0,0,1,0
1820,0.0,83.3,52.90694652925817,0,0,0,0,1,0
1821,0.0,83.3,55.06937660837141,0,0,0,0,1,0
1822,0.0,83.3,53.30161392807218,0,0,0,0,1,0
1823,0.0,83.3,63.379129015684974,0,0,0,0,1,0
1824,0.0,83.3,54.69523374845146,0,0,0,0,1,0
1825,0.0,83.3,57.03897516794952,0,0,0,0,1,0
1826,0.0,83.3,46.12572031847974,0,0,0,0,1,0
1827,0.0,83.3,54.97554198233151,0,0,0,0,1,0
1828,0.0,83.3,58.24855916785868,0,0,0,0,1,0
1829,0.0,83.3,50.36992914615107,0,0,0,0,1,0
1830,0.0,83.3,61.083579698536376,0,0,0,0,1,0
1831,0.0,83.3,51.652717913351886,0,0,0,0,1,0
1832,15.7,83.1,53.13752169561527,0,0,0,0,1,0
1833,26.1,83.2,66.63866160372412,0,0,0,0,1,0
1834,12.9,83.2,47.59385886277758,0,0,0,0,1,0
1835,12.0,83.2,55.84140804942019,0,0,0,0,1,0
1836,12.0,83.2,53.256269284000155,0,0,0,0,1,0
1837,0.0,83.2,56.864208242950106,0,0,0,0,1,0
1838,0.0,83.2,52.567446640514355,0,0,0,0,1,0
1839,0.0,83.2,56.85033478814823,0,0,0,0,1,0
1840,0.0,83.2,55.410581940683,0,0,0,0,1,0
1841,0.0,83.2,49.53473321208399,0,0,0,0,1,0
1842,0.0,83.2,61.09069723407664,0,0,0,0,1,0
1843,0.0,83.2,52.65389540284717,0,0,0,0,1,0
1844,0.0,83.2,22.57648211344479,0,0,0,0,1,0
1845,0.0,83.2,39.067296318029825,0,0,0,0,1,0
1846,0.0,83.2,55.857024903449194,0,0,0,0,1,0
1847,0.0,83.2,52.16796019900497,0,0,0,0,1,0
1848,0.0,83.2,64.39005818326963,0,0,0,0,1,0
1849,0.0,83.2,46.999215615965575,0,0,0,0,1,0
1850,0.0,83.2,55.10265640190231,0,0,0,0,1,0
1851,0.0,83.2,58.96176338281602,0,0,0,0,1,0
1852,0.0,83.2,54.019679563134304,0,0,0,0,1,0
1853,0.0,83.2,52.83763117118706,0,0,0,0,1,0
1854,0.0,83.2,55.54339592658315,0,0,0,0,1,0
1855,0.0,83.2,55.80351773502568,0,0,0,0,1,0
1856,0.0,83.2,52.29023088814641,0,0,0,0,1,0
1857,0.0,83.2,59.06305798856563,0,0,0,0,1,0
1858,0.0,83.2,54.359936753155864,0,0,0,0,1,0
1859,0.0,83.2,53.19750393181472,0,0,0,0,1,0
1860,0.0,83.2,56.75955396773844,0,0,0,0,1,0
1861,0.0,83.2,51.059760180169214,0,0,0,0,1,0
1862,12.9,83.2,59.8980920827145,0,0,0,0,1,0
1863,14.8,83.2,52.63407288424857,0,0,0,0,1,0
1864,15.4,83.2,55.548545167997666,0,0,0,0,1,0
1865,11.5,83.2,56.050353463136936,0,0,0,0,1,0
1866,11.5,83.2,55.27257392862791,0,0,0,0,1,0
1867,6.9,83.2,53.217077967391994,0,0,0,0,1,0
1868,0.0,83.2,54.603379592261824,0,0,0,0,1,0
1869,0.0,83.2,56.69204152249135,0,0,0,0,1,0
1870,0.0,83.2,51.06722024034188,0,0,0,0,1,0
1871,0.0,83.2,58.530616801562935,0,0,0,0,1,0
1872,0.0,83.2,56.050353463136936,0,0,0,0,1,0
1873,0.0,83.2,52.659183929692404,0,0,0,0,1,0
1874,0.0,83.2,55.991242824723,0,0,0,0,1,0
1875,0.0,83.2,52.3169724713425,0,0,0,0,1,0
1876,0.0,83.2,23.748288650454377,0,0,0,0,1,0
1877,0.0,83.2,36.00384562560088,0,0,0,0,1,0
1878,0.0,83.2,56.392486924721354,0,0,0,0,1,0
1879,0.0,83.2,54.20398035668131,0,0,0,0,1,0
1880,0.0,83.2,56.288049386029655,0,0,0,0,1,0
1881,0.0,83.2,51.745756020529015,0,0,0,0,1,0
1882,0.0,83.2,55.041914910369805,0,0,0,0,1,0
1883,0.0,83.2,53.94325693854979,0,0,0,0,1,0
1884,0.0,83.2,57.814191983238686,0,0,0,0,1,0
1885,0.0,83.2,53.21437724406552,0,0,0,0,1,0
1886,0.0,83.2,56.7027713938083,0,0,0,0,1,0
1887,0.0,83.2,56.11409306183609,0,0,0,0,1,0
1888,0.0,83.2,50.9865188480848,0,0,0,0,1,0
1889,0.0,83.2,57.81339508470138,0,0,0,0,1,0
1890,0.0,83.2,51.770026413883336,0,0,0,0,1,0
1891,12.8,83.2,56.55749730312837,0,0,0,0,1,0
1892,8.7,83.2,56.439534414317436,0,0,0,0,1,0
1893,13.8,83.2,56.11709614406893,0,0,0,0,1,0
1894,7.7,83.2,53.41905574588942,0,0,0,0,1,0
1895,0.0,83.2,53.1173334346466,0,0,0,0,1,0
1896,0.0,83.2,54.573540126990736,0,0,0,0,1,0
1897,0.0,83.2,55.524278527932225,0,0,0,0,1,0
1898,0.0,83.2,55.558110578324104,0,0,0,0,1,0
1899,0.0,83.2,54.3951859729211,0,0,0,0,1,0
1900,0.0,83.2,56.82722740082376,0,0,0,0,1,0
1901,0.0,83.2,57.02501631498804,0,0,0,0,1,0
1902,0.0,83.2,49.81299509507013,0,0,0,0,1,0
1903,0.0,83.2,59.4742708052692,0,0,0,0,1,0
1904,0.0,83.2,52.29023088814641,0,0,0,0,1,0
1905,0.0,83.2,55.194020423202446,0,0,0,0,1,0
1906,0.0,83.2,56.19830104242035,0,0,0,0,1,0
1907,0.0,83.2,53.89127446067661,0,0,0,0,1,0
1908,0.0,83.2,23.850922635125528,0,0,0,0,1,0
1909,0.0,83.2,36.2374530217288,0,0,0,0,1,0
1910,0.0,83.2,51.89364676770801,0,0,0,0,1,0
1911,0.0,83.2,56.243516507093624,0,0,0,0,1,0
1912,0.0,83.2,55.63622857749244,0,0,0,0,1,0
1913,0.0,83.2,52.82897951986296,0,0,0,0,1,0
1914,0.0,83.2,54.36345961919822,0,0,0,0,1,0
1915,0.0,83.2,55.06576166156835,0,0,0,0,1,0
1916,0.0,83.2,56.236729549629274,0,0,0,0,1,0
1917,0.0,83.2,53.183338616623345,0,0,0,0,1,0
1918,0.0,83.2,57.243711700399885,1,0,0,0,1,0
1919,0.0,83.2,54.203279874904695,1,0,0,0,1,0
1920,12.2,83.2,51.75405648853078,1,0,0,0,1,0
1921,14.8,83.2,59.01402783054043,1,0,0,0,1,0
1922,4.0,83.2,53.242748517968444,1,0,0,0,1,0
1923,22.2,83.2,55.26019420033992,1,0,0,0,1,0
1924,11.5,83.2,55.570624163652504,1,0,0,0,1,0
1925,14.3,83.2,55.242726374711886,1,0,0,0,1,0
1926,12.0,83.2,51.894288825101455,1,0,0,0,1,0
1927,11.5,83.2,58.055061109803866,1,0,0,0,1,0
1928,7.7,83.2,55.51913378426675,1,0,0,0,1,0
1929,0.0,83.2,50.90360085925458,1,0,0,0,1,0
1930,0.0,83.2,58.562488655561914,1,0,0,0,1,0
1931,0.0,83.2,51.61585035687915,1,0,0,0,1,0
1932,0.0,83.2,60.60957775786827,1,0,0,0,1,0
1933,0.0,83.2,55.285687923443966,1,0,0,0,1,0
1934,0.0,83.2,51.79176133557246,1,0,0,0,1,0
1935,0.0,83.2,56.93522289189336,1,0,0,0,1,0
1936,0.0,83.2,51.11451795702987,1,0,0,0,1,0
1937,0.0,83.2,56.768772670672945,1,0,0,0,1,0
1938,0.0,83.2,53.838009909377966,1,0,0,0,1,0
1939,0.0,83.2,57.38939590887323,1,0,0,0,1,0
1940,0.0,83.2,23.592665091686353,1,0,0,0,1,0
1941,0.0,83.2,35.9439883451881,1,0,0,0,1,0
1942,0.0,83.2,53.200202942668696,1,0,0,0,1,0
1943,0.0,83.2,56.71197165959058,1,0,0,0,1,0
1944,0.0,83.2,52.943677261366794,1,0,0,0,1,0
1945,0.0,83.2,55.851074595861405,1,0,0,0,1,0
1946,0.0,83.2,54.25656813918893,1,0,0,0,1,0
1947,0.0,83.2,56.5964187885412,1,0,0,0,1,0
1948,0.0,83.2,54.344441565172325,1,0,0,0,1,0
1949,0.0,83.2,52.218620054281516,1,0,0,0,1,0
1950,12.4,83.2,57.698870592766845,1,0,0,0,1,0
1951,11.5,83.2,51.696009071412725,1,0,0,0,1,0
1952,15.4,83.2,56.608640492354205,1,0,0,0,1,0
1953,15.4,83.2,53.85045193097781,1,0,0,0,1,0
1954,0.0,83.2,57.47196492189641,2,0,0,0,1,0
1955,0.0,83.2,53.26776733553467,2,0,0,0,1,0
1956,0.0,83.2,55.450872554204125,2,0,0,0,1,0
1957,0.0,83.2,57.474327527851244,2,0,0,0,1,0
1958,0.0,83.2,51.443023070413204,2,0,0,0,1,0
1959,0.0,83.2,57.644154916027595,2,0,0,0,1,0
1960,0.0,83.2,53.19413055333612,2,0,0,0,1,0
1961,0.0,83.2,55.3798539683378,2,0,0,0,1,0
1962,0.0,83.2,55.04480432557285,2,0,0,0,1,0
1963,0.0,83.2,54.30363292679769,2,0,0,0,1,0
1964,0.0,83.2,55.11496563777086,2,0,0,0,1,0
1965,0.0,83.2,53.21977896486531,2,0,0,0,1,0
1966,0.0,83.2,67.59010555152688,2,0,0,0,1,0
1967,0.0,83.2,47.682593817855235,2,0,0,0,1,0
1968,0.0,83.2,55.37108080634728,2,0,0,0,1,0
1969,0.0,83.2,57.853266941612986,2,0,0,0,1,0
1970,0.0,83.2,49.08718957002083,2,0,0,0,1,0
1971,0.0,83.2,58.689502700584896,2,0,0,0,1,0
1972,0.0,83.2,23.20551492149204,2,0,0,0,1,0
1973,0.0,83.2,36.40509669131688,2,0,0,0,1,0
1974,0.0,83.2,55.787930782224706,2,0,0,0,1,0
1975,0.0,83.2,51.69792064685509,2,0,0,0,1,0
1976,0.0,83.2,55.53751224808665,2,0,0,0,1,0
1977,0.0,83.2,56.667531344574144,2,0,0,0,1,0
1978,0.0,83.2,50.74593783649716,2,0,0,0,1,0
1979,0.0,83.2,61.439700001464836,2,0,0,0,1,0
1980,12.4,83.2,54.23832615639265,2,0,0,0,1,0
1981,11.1,83.2,54.19487550553668,2,0,0,0,1,0
1982,11.1,83.2,55.191115321859044,2,0,0,0,1,0
1983,11.1,83.2,52.4078368652539,2,0,0,0,1,0
1984,14.8,83.2,54.54089620556032,2,0,0,0,1,0
1985,0.0,83.2,54.10678672325494,2,0,0,0,1,0
1986,0.0,83.2,57.65683336540841,2,0,0,0,1,0
1987,0.0,83.2,56.284272678475574,2,0,0,0,1,0
1988,0.0,83.2,54.08864530272745,2,0,0,0,1,0
1989,0.0,83.2,55.40765399807131,2,0,0,0,1,0
1990,0.0,83.2,51.03118346290957,2,0,0,0,1,0
1991,0.0,83.2,56.603292847503376,2,0,0,0,1,0
1992,0.0,83.2,54.38390124993517,2,0,0,0,1,0
1993,0.0,83.2,54.347962423064466,2,0,0,0,1,0
1994,0.0,83.2,57.87721646497123,2,0,0,0,1,0
1995,0.0,83.2,54.24393776754653,2,0,0,0,1,0
1996,0.0,83.2,54.538059449197725,2,0,0,0,1,0
1997,0.0,83.2,59.273395325174526,2,0,0,0,1,0
1998,0.0,83.2,52.90427719125642,2,0,0,0,1,0
1999,0.0,83.2,49.99766360710454,2,0,0,0,1,0
2000,0.0,83.2,58.79892896695779,2,0,0,0,1,0
2001,0.0,83.2,52.87959857787639,2,0,0,0,1,0
2002,0.0,83.2,57.36192560175055,2,0,0,0,1,0
2003,0.0,83.2,56.75648173207036,2,0,0,0,1,0
2004,0.0,83.2,50.61244584957343,2,0,0,0,1,0
2005,0.0,83.2,24.37755149486214,2,0,0,0,1,0
2006,0.0,83.2,34.919941388037834,2,0,0,0,1,0
2007,0.0,83.2,55.96285424561029,2,0,0,0,1,0
2008,0.0,83.2,54.17947426209391,2,0,0,0,1,0
2009,0.0,83.2,55.988253196999224,2,0,0,0,1,0
2010,12.7,83.2,51.284514275233846,2,0,0,0,1,0
2011,7.7,83.2,58.28579369380637,2,0,0,0,1,0
2012,12.0,83.2,51.99077769789523,2,0,0,0,1,0
2013,7.7,83.2,56.983180718963126,2,0,0,0,1,0
2014,14.3,83.2,54.49837582183415,2,0,0,0,1,0
2015,14.8,83.2,54.738061990212074,2,0,0,0,1,0
2016,14.3,83.2,52.20757042034379,2,0,0,0,1,0
2017,11.5,83.2,55.175142729353574,2,0,0,0,1,0
2018,0.0,83.2,60.244811192025395,2,0,0,0,1,0
2019,0.0,83.2,50.08243778955915,2,0,0,0,1,0
2020,0.0,83.2,58.02052842716835,2,0,0,0,1,0
2021,0.0,83.2,55.202737562516454,2,0,0,0,1,0
2022,0.0,83.2,52.955040717126444,2,0,0,0,1,0
2023,0.0,83.2,56.97389225461164,2,0,0,0,1,0
2024,0.0,83.2,52.33329174256981,2,0,0,0,1,0
2025,0.0,83.2,57.01028938032649,2,0,0,0,1,0
2026,0.0,83.2,39.3731542238118,2,0,0,0,1,0
2027,0.0,83.2,21.813521947160393,2,0,0,0,1,0
2028,0.0,83.2,59.752176080917444,2,0,0,0,1,0
2029,0.0,83.2,58.21379597501735,2,0,0,0,1,0
2030,0.0,83.2,52.5371578881443,2,0,0,0,1,0
2031,0.0,83.2,54.64820002345246,2,0,0,0,1,0
2032,0.0,83.2,52.49310405246427,2,0,0,0,1,0
2033,0.0,83.2,58.37421366141513,2,0,0,0,1,0
2034,0.0,83.2,51.211252472467095,2,0,0,0,1,0
2035,0.0,83.2,58.007689541670125,2,0,0,0,1,0
2036,0.0,83.2,52.62284674738097,2,0,0,0,1,0
2037,0.0,83.2,24.03571285307416,2,0,0,0,1,0
2038,12.6,83.4,33.85233252623083,3,0,0,0,1,0
2039,16.0,83.4,60.04902073072959,3,0,0,0,1,0
2040,8.0,83.4,55.30026632914063,3,0,0,0,1,0
2041,7.7,83.4,55.21145745577085,3,0,0,0,1,0
2042,14.3,83.4,53.535649554540115,3,0,0,0,1,0
2043,8.0,83.4,53.65412610492114,3,0,0,0,1,0
2044,17.4,83.4,67.06915905783777,3,0,0,0,1,0
2045,12.9,83.4,45.36835045970795,3,0,0,0,1,0
2046,18.5,83.4,57.57768443016775,3,0,0,0,1,0
2047,4.2,83.4,53.952277434043815,4,0,0,0,1,0
2048,0.0,83.4,55.03252640556321,4,0,0,0,1,0
2049,0.0,83.4,55.457471142785366,4,0,0,0,1,0
2050,0.0,83.4,55.12293336837955,4,0,0,0,1,0
2051,0.0,83.4,54.0064638244724,4,0,0,0,1,0
2052,0.0,83.4,59.02233229669448,4,0,0,0,1,0
2053,0.0,83.4,54.74949418475636,4,0,0,0,1,0
2054,0.0,83.4,51.02000997457699,4,0,0,0,1,0
2055,0.0,83.4,58.982492160144,4,0,0,0,1,0
2056,0.0,83.4,53.0454533957253,4,0,0,0,1,0
2057,0.0,83.4,52.988490935506285,4,0,0,0,1,0
2058,0.0,83.4,57.25308835774444,4,0,0,0,1,0
2059,0.0,83.4,53.66236358286102,4,0,0,0,1,0
2060,0.0,83.4,55.039025798493554,4,0,0,0,1,0
2061,0.0,83.4,54.51962772318411,4,0,0,0,1,0
2062,0.0,83.4,56.695873153192125,4,0,0,0,1,0
2063,0.0,83.4,53.01930248138644,4,0,0,0,1,0
2064,0.0,83.4,55.4266911580088,5,0,0,0,1,0
2065,0.0,83.4,56.07208363412743,5,0,0,0,1,0
2066,0.0,83.4,52.465525868107676,5,0,0,0,1,0
2067,0.0,83.4,60.02324050487994,5,0,0,0,1,0
2068,0.0,83.4,53.57941800158402,5,0,0,0,1,0
2069,12.5,83.3,23.808411241478353,5,0,0,0,1,0
2070,11.1,83.3,34.237259911678514,5,0,0,0,1,0
2071,0.0,83.3,56.940633442391494,5,0,0,0,1,0
2072,0.0,83.3,53.73179605431719,5,0,0,0,1,0
2073,0.0,83.3,55.04841652120273,5,0,0,0,1,0
2074,0.0,83.3,56.09233032430625,5,0,0,0,1,0
2075,0.0,83.3,54.78238835991275,5,0,0,0,1,0
2076,0.0,83.3,55.30974641646777,5,0,0,0,1,0
2077,0.0,83.3,51.884017812963876,5,0,0,0,1,0
2078,0.0,83.3,56.28049647769205,5,0,0,0,1,0
2079,0.0,83.3,54.30363292679769,5,0,0,0,1,0
2080,0.0,83.3,54.62471348197541,5,0,0,0,1,0
2081,0.0,83.3,62.06244266224734,5,0,0,0,1,0
2082,0.0,83.3,50.70728758644035,5,0,0,0,1,0
2083,0.0,83.3,53.77174944232199,5,0,0,0,1,0
2084,0.0,83.3,55.031804345544245,5,0,0,0,1,0
2085,0.0,83.3,56.76262653602555,5,0,0,0,1,0
2086,0.0,83.3,50.15070425903341,5,0,0,0,1,0
2087,0.0,83.3,59.18223250694925,5,0,0,0,1,0
2088,0.0,83.3,56.69893883068604,5,0,0,0,1,0
2089,0.0,83.3,53.714593071652686,5,0,0,0,1,0
2090,0.0,83.3,54.737347636572444,5,0,0,0,1,0
2091,0.0,83.3,54.04543404589792,5,0,0,0,1,0
2092,0.0,83.3,54.27692944769398,5,0,0,0,1,0
2093,0.0,83.3,53.4040922344313,5,0,0,0,1,0
2094,0.0,83.3,57.743353938075636,5,0,0,0,1,0
2095,0.0,83.3,53.14560129750003,5,0,0,0,1,0
2096,0.0,83.3,56.54148636443294,5,0,0,0,1,0
2097,0.0,83.3,57.323511323101314,5,0,0,0,1,0
2098,0.0,83.3,50.69441724983985,6,0,0,0,1,1
2099,11.9,83.1,58.17665335108744,6,0,0,0,1,1
2100,14.3,83.1,53.120697079459966,6,0,0,0,1,1
2101,14.9,83.1,23.868703193644578,6,0,0,0,1,1
2102,16.7,83.2,35.57087368760283,6,0,0,0,1,1
2103,17.9,83.1,58.32226486456421,6,0,0,0,1,1
2104,0.0,83.1,49.92505832500119,6,0,0,0,1,1
2105,0.0,83.1,58.913728685001544,6,0,0,0,1,1
2106,0.0,83.1,51.01504555019035,6,0,0,0,1,1
2107,0.0,83.1,60.90264124642437,6,0,0,0,1,1
2108,0.0,83.1,53.841465449737484,6,0,0,0,1,1
2109,0.0,83.1,54.44885242496625,6,0,0,0,1,1
2110,0.0,83.1,59.44392635950056,6,0,0,0,1,1
2111,0.0,83.1,51.403304083533506,6,0,0,0,1,1
2112,0.0,83.1,57.606153000961406,6,0,0,0,1,1
2113,0.0,83.1,51.831442623761156,7,0,0,0,1,1
2114,0.0,83.1,58.03257004496714,7,0,0,0,1,1
2115,0.0,83.1,52.71477766885353,7,0,0,0,1,1
2116,0.0,83.1,57.77357814845934,7,0,0,0,1,1
2117,0.0,83.1,53.28265453898727,7,0,0,0,1,1
2118,0.0,83.1,52.72272921537572,7,0,0,0,1,1
2119,0.0,83.1,61.19230264213705,7,0,0,0,1,1
2120,0.0,83.1,50.451116243264046,7,0,0,0,1,1
2121,0.0,83.1,56.39551987952617,7,0,0,0,1,1
2122,0.0,83.1,62.9851033157136,7,0,0,0,1,1
2123,0.0,83.1,50.64544719079416,7,0,0,0,1,1
2124,0.0,83.1,52.35354178368595,7,0,0,0,1,1
2125,0.0,83.1,55.70124833997344,7,0,0,0,1,1
2126,0.0,83.1,55.74492630347816,7,0,0,0,1,1
2127,0.0,83.1,53.42177728529033,7,0,0,0,1,1
2128,0.0,83.1,58.983321614400225,7,0,0,0,1,1
2129,11.8,83.1,53.26844384612454,7,0,0,0,1,1
2130,8.7,83.1,56.711204856744956,7,0,0,0,1,1
2131,7.7,83.1,55.48755126339463,7,0,0,0,1,1
2132,14.3,83.1,53.26776733553467,7,0,0,0,1,1
2133,17.4,83.1,23.59319593195932,7,0,0,0,1,1
2134,14.3,83.1,37.10558489698064,7,0,0,0,1,1
2135,0.0,83.1,54.40718112360717,7,0,0,0,1,1
2136,0.0,83.1,53.336181792749144,7,0,0,0,1,1
2137,0.0,83.1,54.48138622606708,7,0,0,0,1,1
2138,0.0,83.1,53.99951076950806,7,0,0,0,1,1
2139,0.0,83.1,56.02864012823938,7,0,0,0,1,1
2140,0.0,83.1,52.6598450702457,7,0,0,0,1,1
2141,0.0,83.1,57.80383401551798,7,0,0,0,1,1
2142,0.0,83.1,54.52033640535025,7,0,0,0,1,1
2143,0.0,83.1,56.888888888888886,7,0,0,0,1,1
2144,0.0,83.1,52.87159964704399,7,0,0,0,1,1
2145,0.0,83.1,55.263834721197426,7,0,0,0,1,1
2146,0.0,83.1,57.20545553737043,7,0,0,0,1,1
2147,0.0,83.1,49.763350536868955,7,0,0,0,1,1
2148,0.0,83.1,58.137140480975816,7,0,0,0,1,1
2149,0.0,83.1,56.26237776495996,8,0,0,0,1,1
2150,0.0,83.1,53.78967887555145,8,0,0,0,1,1
2151,0.0,83.1,58.847602211185006,8,0,0,0,1,1
2152,0.0,83.1,52.9971949154684,8,0,0,0,1,1
2153,0.0,83.1,53.347035854648134,8,0,0,0,1,1
2154,0.0,83.1,54.43048093643749,8,0,0,0,1,1
2155,0.0,83.1,57.343104013999785,8,0,0,0,1,1
2156,0.0,83.1,56.2148716024232,8,0,0,0,1,1
2157,0.0,83.1,54.29730604424768,8,0,0,0,1,1
2158,0.0,83.1,55.67019723394654,8,0,0,0,1,1
2159,12.2,83.1,52.59777033720828,8,0,0,0,1,1
2160,11.5,83.1,58.56494177441425,8,0,0,0,1,1
2161,8.0,83.1,52.46027616569942,8,0,0,0,1,1
2162,7.7,83.1,54.04891626504472,8,0,0,0,1,1
2163,14.8,83.1,57.42239502758649,8,0,0,0,1,1
2164,8.3,83.1,55.377660417216795,8,0,0,0,1,1
2165,0.0,83.1,23.355796484077,8,0,0,0,1,1
2166,0.0,83.1,36.25906843251841,8,0,0,0,1,1
2167,0.0,83.1,55.505908820221,8,0,0,0,1,1
2168,0.0,83.1,55.77828607904676,8,0,0,0,1,1
2169,0.0,83.1,57.36898688295879,8,0,0,0,1,1
2170,0.0,83.1,53.72628990111185,8,0,0,0,1,1
2171,0.0,83.1,52.24333615664391,8,0,0,0,1,1
2172,0.0,83.1,55.42302914981897,8,0,0,0,1,1
2173,0.0,83.1,57.52635404808602,8,0,0,0,1,1
2174,0.0,83.1,52.78244236383771,8,0,0,0,1,1
2175,0.0,83.1,58.8864335153804,8,0,0,0,1,1
2176,0.0,83.1,54.18857393865792,8,0,0,0,1,1
2177,0.0,83.1,57.30706380653095,8,0,0,0,1,1
2178,0.0,83.1,53.162441695396474,8,0,0,0,1,1
2179,0.0,83.1,52.330679975046785,8,0,0,0,1,1
2180,0.0,83.1,63.247240484950844,8,0,0,0,1,1
2181,0.0,83.1,51.61267458315388,8,0,0,0,1,1
2182,0.0,83.1,52.490476309663855,8,0,0,0,1,1
2183,0.0,83.1,61.67459232137868,8,0,0,0,1,1
2184,0.0,83.1,52.20302193015209,8,0,0,0,1,1
2185,0.0,83.1,54.40365258897997,8,0,0,0,1,1
2186,0.0,83.1,54.40647538006537,8,0,0,0,1,1
2187,0.0,83.1,57.74255899116165,8,0,0,0,1,1
2188,0.0,83.1,52.279150930461554,8,0,0,0,1,1
2189,12.2,83.1,55.50297079490267,8,0,0,0,1,1
2190,14.8,83.1,56.885802636575704,8,0,0,0,1,1
2191,14.3,83.2,52.35877014493116,8,0,0,0,1,1
2192,7.4,83.1,55.285687923443966,8,0,0,0,1,1
2193,11.5,83.1,54.52317131826277,8,0,0,0,1,1
2194,10.7,83.1,54.84542661000327,8,0,0,0,1,1
2195,0.0,83.1,55.65542315755951,8,0,0,0,1,1
2196,0.0,83.1,56.98395489436859,8,0,0,0,1,1
2197,0.0,83.1,23.6725589795688,8,0,0,0,1,1
2198,0.0,83.1,36.3033193404596,8,0,0,0,1,1
2199,0.0,83.1,52.46027616569942,8,0,0,0,1,1
2200,0.0,83.1,55.524278527932225,8,0,0,0,1,1
2201,0.0,83.1,54.12214666374182,8,0,0,0,1,1
2202,0.0,83.1,56.07958070381859,8,0,0,0,1,1
2203,0.0,83.1,53.760721884693275,8,0,0,0,1,1
2204,0.0,83.1,59.038117223129326,8,0,0,0,1,1
2205,0.0,83.1,52.573376786161944,8,0,0,0,1,1
2206,0.0,83.1,53.169180843242145,8,0,0,0,1,1
2207,0.0,83.1,57.760052880907786,8,0,0,0,1,1
2208,0.0,83.1,52.759204518295824,8,0,0,0,1,1
2209,0.0,83.1,54.18857393865792,8,0,0,0,1,1
2210,0.0,83.1,57.64732400560763,8,0,0,0,1,1
2211,0.0,83.1,54.48421708970928,8,0,0,0,1,1
2212,0.0,83.1,54.24744561421661,8,0,0,0,1,1
2213,0.0,83.1,53.4353891429809,8,0,0,0,1,1
2214,0.0,83.1,58.927799710580665,8,0,0,0,1,1
2215,0.0,83.1,50.79018176093775,8,0,0,0,1,1
2216,0.0,83.1,60.193800229621125,8,0,0,0,1,1
2217,0.0,83.1,51.97789178873274,8,0,0,0,1,1
2218,0.0,83.1,55.196199449920385,8,0,0,0,1,1
2219,12.9,82.8,55.638442661006835,8,0,0,0,1,1
2220,11.1,82.8,51.845537700865265,8,0,0,0,1,1
2221,14.8,82.8,59.42876574521445,8,0,0,0,1,1
2222,11.1,82.8,52.58721899722915,8,0,0,0,1,1
2223,14.3,82.9,55.282044522940254,8,0,0,0,1,1
2224,4.3,82.9,57.04518129641215,8,0,0,0,1,1
2225,13.8,82.9,54.88849047961788,8,0,0,0,1,1
2226,8.0,82.9,51.82375762967356,8,0,0,0,1,1
2227,11.1,82.9,57.23511912884474,8,0,0,0,1,1
2228,0.0,82.9,56.37278066744621,8,0,0,0,1,1
2229,0.0,82.9,23.573703231173035,8,0,0,0,1,1
2230,0.0,82.9,35.705016557277965,8,0,0,0,1,1
2231,0.0,82.9,56.555209471030025,8,0,0,0,1,1
2232,0.0,82.9,51.77322158172145,8,0,0,0,1,1
2233,0.0,82.9,55.15120116763751,8,0,0,0,1,1
2234,0.0,82.9,58.08561259676772,8,0,0,0,1,1
2235,0.0,82.9,51.09583734330649,8,0,0,0,1,1
2236,0.0,82.9,59.464152548380234,8,0,0,0,1,1
2237,0.0,82.9,52.257656176023524,8,0,0,0,1,1
2238,0.0,82.9,56.19980705327473,8,0,1,0,1,1
2239,0.0,82.9,56.18851393893927,8,0,1,0,1,1
2240,0.0,82.9,52.921632704561226,8,0,1,0,1,1
2241,0.0,82.9,55.87860540094057,8,0,1,0,1,1
2242,0.0,82.9,52.66447351899751,8,0,1,0,1,1
2243,0.0,82.9,59.562952654150926,8,0,1,0,1,1
2244,0.0,82.9,51.8808089554085,8,0,1,0,1,1
2245,0.0,82.9,57.9211754633082,8,0,1,0,1,1
2246,0.0,82.9,53.73730333623738,8,0,1,0,1,1
2247,0.0,82.9,55.9225620650116,8,0,1,0,1,1
2248,0.0,82.9,56.00694360987595,8,0,1,0,1,1
2249,12.3,82.8,50.825262953807375,8,0,1,0,1,1
2250,12.0,82.8,60.251734589803625,8,0,1,0,1,1
2251,11.5,82.9,54.17107727278598,0,0,0,0,1,0
2252,6.9,82.9,53.64863585781712,0,0,0,0,1,0
2253,8.3,82.9,58.156487014877776,0,0,1,0,1,0
2254,17.9,82.9,52.194576836446444,0,0,1,0,1,0
2255,7.7,82.8,53.2501840895818,0,0,2,0,1,0
2256,0.0,82.9,56.13587269296144,0,0,2,0,1,0
2257,0.0,82.9,56.02864012823938,0,0,2,0,1,0
2258,0.0,82.9,53.81866707727051,0,0,2,0,1,0
2259,0.0,82.9,55.84438201499194,0,0,2,0,1,0
2260,0.0,82.9,55.562526494277236,0,0,2,0,1,0
2261,0.0,82.9,23.641336083961807,0,0,2,0,1,0
2262,0.0,82.9,34.85291209293436,0,0,2,0,1,0
2263,0.0,82.9,57.29297344552508,0,0,2,0,1,0
2264,0.0,82.9,51.88594331803506,0,0,2,0,1,0
2265,0.0,82.9,59.89381541932628,0,0,2,0,1,0
2266,0.0,82.9,53.51857192073599,0,0,2,0,1,0
2267,0.0,82.9,51.22125882324207,0,0,2,0,1,0
2268,0.0,82.9,57.36898688295879,0,0,2,0,1,0
2269,0.0,82.9,55.46920584540104,0,0,2,0,1,0
2270,0.0,82.9,52.61228534514118,0,0,2,0,1,0
2271,0.0,82.9,57.0878850158566,0,0,2,0,1,0
2272,0.0,82.9,55.98078052426459,0,0,2,0,1,0
2273,0.0,82.9,51.660988557563215,0,0,2,0,1,0
2274,0.0,82.9,56.13587269296144,0,0,2,0,1,0
2275,0.0,82.9,54.65104824944297,0,0,2,0,1,0
2276,0.0,82.9,52.91295352475148,0,0,2,0,1,0
2277,0.0,82.9,57.02889308877317,0,0,2,0,1,0
2278,0.0,82.9,56.303161285992346,0,0,2,0,1,0
2279,12.4,82.9,52.52399974954605,0,0,2,0,1,0
2280,15.4,82.9,54.8942374389781,0,0,2,0,1,0
2281,14.8,82.9,52.96574019118817,0,0,2,0,1,0
2282,3.8,82.8,57.5974512846569,0,0,2,0,1,0
2283,12.5,82.9,54.833954321423434,0,0,2,0,1,0
2284,10.0,82.9,52.227723265428104,0,0,2,0,1,0
2285,9.1,82.9,60.70958777211672,0,0,2,0,1,0
2286,17.2,82.9,52.43600995136831,0,0,2,0,1,0
2287,0.0,82.9,56.078830906635645,0,0,2,0,1,0
2288,0.0,82.9,52.43273245493412,0,0,2,0,1,0
2289,0.0,82.9,56.68897659079851,0,0,3,0,1,1
2290,0.0,82.9,52.39147107685774,0,0,3,0,1,1
2291,0.0,82.9,59.837420643412514,0,0,3,0,1,1
2292,0.0,82.9,55.39594532127055,0,0,3,0,1,1
2293,0.0,82.9,23.185631920221557,0,0,3,0,1,1
2294,0.0,82.9,36.370371655018126,0,0,3,0,1,1
2295,0.0,82.9,57.970809376382135,0,0,3,0,1,1
2296,0.0,82.9,53.9051266562994,0,0,3,0,1,1
2297,0.0,82.9,53.82142948800205,0,0,3,0,1,1
2298,0.0,82.9,56.970796772703814,0,0,3,0,1,1
2299,0.0,82.9,52.074692093762415,0,0,3,0,1,1
2300,0.0,82.9,62.06887162412135,0,0,3,0,1,1
2301,0.0,82.9,56.427385613001306,0,0,3,0,1,1
2302,0.0,82.9,56.85649993222177,0,0,3,0,1,1
2303,0.0,82.9,46.46398582031683,0,0,3,0,1,1
2304,0.0,82.9,58.61732397909271,0,0,3,0,1,1
2305,0.0,82.9,51.82695943357758,0,0,3,0,1,1
2306,0.0,82.9,55.850330896549885,0,0,4,0,1,1
2307,0.0,82.9,56.945271875636415,0,0,4,0,1,1
2308,13.3,83.0,50.68645317220544,0,0,4,0,1,1
2309,12.5,82.9,58.427068967918984,0,0,4,0,1,1
2310,14.3,82.9,53.65755808003275,0,0,4,0,1,1
2311,7.7,82.9,55.13307744886692,0,0,4,0,1,1
2312,15.4,82.9,56.75033825837528,0,0,4,0,1,1
2313,0.0,82.9,53.76554588455474,0,0,4,0,1,1
2314,0.0,82.9,55.01736712314392,0,0,4,0,1,1
2315,0.0,82.9,53.07565960139196,0,0,4,0,1,1
2316,0.0,82.9,57.58954291441831,0,0,4,0,1,1
2317,0.0,82.9,52.86493571968742,0,0,4,0,1,1
2318,0.0,82.9,58.20814077744008,0,0,4,0,1,1
2319,0.0,82.9,54.28535928763719,0,0,4,0,1,1
2320,0.0,82.9,53.53086671856853,0,0,4,0,1,1
2321,0.0,82.9,57.38232960297699,0,0,4,0,1,1
2322,0.0,82.9,50.792642018964116,0,0,4,0,1,1
2323,0.0,82.9,60.481102827726424,0,0,4,0,1,1
2324,0.0,82.9,54.280441562811404,0,0,4,0,1,1
2325,0.0,82.9,23.386921224016415,0,0,4,0,1,1
2326,0.0,82.9,36.56983425318023,0,0,5,0,1,1
2327,0.0,82.9,66.31310671936758,0,0,5,0,1,1
2328,0.0,82.9,44.573311087259164,0,0,6,0,1,1
2329,0.0,82.9,59.464152548380234,0,0,6,0,1,1
2330,0.0,82.9,52.4963891009675,0,0,6,0,1,1
2331,0.0,82.9,58.33605474345958,0,0,6,0,1,1
2332,0.0,82.9,54.04821978531758,0,0,6,0,1,1
2333,0.0,82.9,58.83109378068281,0,0,6,0,1,1
2334,0.0,82.9,51.2613233604654,0,0,6,0,1,1
2335,0.0,82.9,53.60749479173323,0,0,6,0,1,1
2336,0.0,82.9,57.63385778083133,0,0,6,0,1,1
2337,0.0,82.9,51.10144009356953,0,0,6,0,1,1
2338,12.6,82.9,59.33628531413131,0,0,6,0,1,1
2339,11.1,82.9,53.35042865501539,0,0,6,0,1,1
2340,8.3,82.9,55.576514860406256,0,0,6,0,1,1
2341,7.4,82.9,54.45662871165007,0,0,6,0,1,1
2342,13.8,82.9,54.28887249381949,0,0,6,0,1,1
2343,0.0,82.9,53.718032786885246,0,0,6,0,1,1
2344,0.0,82.9,54.18857393865792,0,0,6,0,1,1
2345,0.0,82.9,60.05331958821929,0,0,6,0,1,1
2346,0.0,82.9,53.120697079459966,0,0,6,0,1,1
2347,0.0,82.9,58.705931752652354,0,0,6,0,1,1
2348,0.0,82.9,54.159185992459065,0,0,6,0,1,1
2349,0.0,82.9,52.21666977902272,0,0,6,0,1,1
2350,0.0,82.9,57.637025738274865,0,0,6,0,1,1
2351,0.0,82.9,52.87626539591291,0,0,6,0,1,1
2352,0.0,82.9,57.33918440443478,0,0,6,0,1,1
2353,0.0,82.9,55.51472476274933,0,0,6,0,1,1
2354,0.0,82.9,55.728631598527826,0,0,6,0,1,1
2355,0.0,82.9,55.08094762830278,0,0,6,0,1,1
2356,0.0,82.9,55.44794035217598,0,0,6,0,1,1
2357,0.0,82.9,23.007575383568934,0,0,6,0,1,1
2358,0.0,82.9,40.11384850803366,0,0,6,0,1,1
2359,0.0,82.9,53.423818621831614,0,0,6,0,1,1
2360,0.0,82.9,50.4129136167502,0,0,6,0,1,1
2361,0.0,82.9,56.76416294491812,0,0,6,0,1,1
2362,0.0,82.9,55.026028547439125,0,0,6,0,1,1
2363,0.0,82.9,52.91028358058331,0,0,6,0,1,1
2364,0.0,82.9,55.99348525504959,0,0,6,0,1,1
2365,0.0,82.9,55.05130661906574,0,0,6,0,1,1
2366,0.0,82.9,53.1348290408807,0,0,6,0,1,1
2367,12.1,83.2,57.3031491222078,0,0,6,0,1,1
2368,25.8,83.2,61.38754482253933,1,0,6,0,1,1
2369,0.0,83.2,46.169893775111454,1,0,6,0,1,1
2370,11.5,83.3,59.280935084024705,1,0,6,0,1,1
2371,17.2,83.2,53.412933295978405,1,0,6,0,1,1
2372,17.2,83.2,54.48421708970928,2,0,6,0,1,1
2373,7.7,83.2,55.87190622086053,2,0,6,0,1,1
2374,12.0,83.2,54.083763152465444,2,0,6,-1,1,1
2375,8.3,83.3,55.60451273349153,2,0,6,0,1,1
2376,19.4,83.3,51.58601350437232,2,0,6,0,1,1
2377,0.0,83.3,55.90020258023243,2,0,6,0,1,1
2378,0.0,83.3,53.73179605431719,2,0,6,0,1,1
2379,0.0,83.3,57.66000384922053,2,0,6,0,1,1
2380,0.0,83.3,58.836870677683166,2,0,6,0,1,1
2381,0.0,83.3,50.95492868770805,2,0,6,0,1,1
2382,0.0,83.3,54.28887249381949,2,0,6,0,1,1
2383,0.0,83.3,54.90501623206619,2,0,6,0,1,1
2384,0.0,83.3,53.853909068731305,2,0,6,0,1,1
2385,0.0,83.3,55.282044522940254,2,0,6,0,1,1
2386,0.0,83.3,57.900386526780785,2,0,6,0,1,1
2387,0.0,83.3,56.419795267752654,2,0,6,0,1,1
2388,0.0,83.3,54.58774532771097,2,0,6,0,1,1
2389,0.0,83.3,58.07837381262289,2,0,6,0,1,1
2390,0.0,83.3,23.17384650235092,2,0,6,0,1,1
2391,0.0,83.3,35.707752294359025,2,0,6,0,1,1
2392,0.0,83.3,55.589036738588774,2,0,6,0,1,1
2393,0.0,83.3,55.74122212476411,2,0,6,0,1,1
2394,0.0,83.3,53.08976760670346,2,0,6,0,1,1
2395,0.0,83.3,52.88226542602819,2,0,6,0,1,1
2396,0.0,83.3,55.447207350122284,2,0,6,0,1,1
2397,11.9,83.2,55.10555219801876,2,0,6,0,1,1
2398,17.9,83.2,54.28325158217609,2,0,6,0,1,1
2399,8.3,83.2,56.873460975212886,2,0,6,0,1,1
2400,14.3,83.3,56.30920831823003,2,0,6,0,1,1
2401,11.5,83.3,53.56504859328506,2,0,6,0,1,1
2402,0.0,83.3,56.107337301852716,2,0,6,0,1,1
2403,0.0,83.3,53.376228047849324,2,0,6,0,1,1
2404,0.0,83.3,58.39778343984518,2,0,6,0,1,1
2405,0.0,83.3,51.2613233604654,2,0,6,0,1,1
2406,0.0,83.3,60.49855039016862,2,0,6,0,1,1
2407,0.0,83.3,51.185629034816884,2,0,6,0,1,1
2408,0.0,83.3,52.535183747087856,2,0,6,0,1,1
2409,0.0,83.3,54.12703574654794,2,0,6,0,1,1
2410,0.0,83.3,57.9740144855421,2,0,6,0,1,1
2411,0.0,83.3,57.65683336540841,2,0,6,0,1,1
2412,0.0,83.3,52.988490935506285,2,0,6,0,1,1
2413,0.0,83.3,57.01493916944199,2,0,6,0,1,1
2414,0.0,83.3,56.59030991540402,2,0,6,0,1,1
2415,0.0,83.3,50.95554772636157,2,0,6,0,1,1
2416,0.0,83.3,57.243711700399885,2,0,6,0,1,1
2417,0.0,83.3,54.48138622606708,2,0,6,0,1,1
2418,0.0,83.3,57.94758292922176,2,0,6,0,1,1
2419,0.0,83.3,50.19331522324474,2,0,6,0,1,1
2420,0.0,83.3,62.13139378138563,2,0,6,0,1,1
2421,0.0,83.3,51.620932407817655,2,0,6,0,1,1
2422,0.0,83.3,24.349247631432288,2,0,6,0,1,1
2423,0.0,83.3,34.03334929122613,2,0,6,0,1,1
2424,0.0,83.3,57.76084830957791,2,0,6,0,1,1
2425,0.0,83.3,55.117862727834215,2,0,6,0,1,1
2426,0.0,83.3,57.25699620498539,2,0,6,0,1,1
2427,15.7,83.0,51.8917206908497,2,0,6,0,1,1
2428,12.0,82.9,60.27684525178202,2,0,6,0,1,1
2429,17.2,82.9,53.02533501896334,2,0,6,0,1,1
2430,14.3,82.9,52.06499584155712,2,0,6,0,1,1
2431,4.5,82.9,57.900386526780785,2,0,6,0,1,1
2432,0.0,82.9,54.74377749063524,2,0,6,0,1,1
2433,0.0,82.9,55.242726374711886,2,0,6,0,1,1
2434,0.0,82.9,55.76938623550686,2,0,6,0,1,1
2435,0.0,82.9,56.74726702024029,2,0,6,0,1,1
2436,0.0,82.9,51.992066640222134,2,0,6,0,1,1
2437,0.0,82.9,53.4040922344313,2,0,6,0,1,1
2438,0.0,82.9,57.454645078217034,2,0,6,0,1,1
2439,0.0,82.9,52.756550067293055,2,0,6,0,1,1
2440,0.0,82.9,58.204102023257754,2,0,6,0,1,1
2441,0.0,82.9,57.7163380165403,2,0,6,0,1,1
2442,0.0,82.9,56.163685056239956,2,0,6,0,1,1
2443,0.0,82.9,52.30131554336305,2,0,6,0,1,1
2444,0.0,82.9,55.56473471550639,2,0,6,0,1,1
2445,0.0,82.9,53.005231896878556,2,0,6,0,1,1
2446,0.0,82.9,52.98045902964619,2,0,6,0,1,1
2447,0.0,82.9,57.412176960140165,2,0,6,0,1,1
2448,0.0,82.9,53.50150517883566,2,0,6,0,1,1
2449,0.0,82.9,55.788672820621954,2,0,6,0,1,1
2450,0.0,82.9,55.12003574526244,2,0,6,0,1,1
2451,0.0,82.9,51.928983533490154,2,0,6,0,1,1
2452,0.0,82.9,60.37575932057003,2,0,6,0,1,1
2453,0.0,82.9,52.862936869036965,2,0,6,0,1,1
2454,0.0,82.9,24.060393290654183,2,0,6,0,1,1
2455,0.0,82.9,37.46854621143092,2,0,6,0,1,1
2456,0.0,82.9,49.64966026657828,2,0,6,0,1,1
2457,12.0,83.0,59.98804330725554,2,0,6,0,1,1
2458,17.2,83.0,51.93734289287616,2,0,6,0,1,1
2459,14.8,83.0,54.74663568846018,2,0,6,0,1,1
2460,4.3,82.9,56.32206257553377,2,0,6,0,1,1
2461,14.8,82.9,54.215891317554906,2,0,6,0,1,1
2462,0.0,82.9,56.68284772149846,2,0,6,0,1,1
2463,0.0,82.9,57.139992370987954,2,0,6,0,1,1
2464,0.0,82.9,54.526006526006526,2,0,6,0,1,1
2465,0.0,82.9,53.621886985425725,2,0,6,0,1,1
2466,0.0,82.9,56.050353463136936,2,0,6,0,1,1
2467,0.0,82.9,54.683824200466745,2,0,6,0,1,1
2468,0.0,82.9,53.59927414923389,2,0,6,0,1,1
2469,0.0,82.9,58.267979939707985,2,0,6,0,1,1
2470,0.0,82.9,53.46535966041632,2,0,6,0,1,1
2471,0.0,82.9,53.87050951078231,2,0,6,0,1,1
2472,0.0,82.9,56.595655107272975,2,0,6,0,1,1
2473,0.0,82.9,54.475017858302486,2,0,6,0,1,1
2474,0.0,82.9,53.70290133415278,2,0,6,0,1,1
2475,0.0,82.9,59.22401547563576,2,0,6,0,1,1
2476,0.0,82.9,52.02624691449906,2,0,6,0,1,1
2477,0.0,82.9,54.818904224173984,2,0,6,0,1,1
2478,0.0,82.9,54.151494416112584,2,0,6,0,1,1
2479,0.0,82.9,57.363494625126506,2,0,6,0,1,1
2480,0.0,82.9,51.130718874571805,2,0,6,0,1,1
2481,0.0,82.9,57.3297795273438,2,0,6,0,1,1
2482,0.0,82.9,54.33669728336205,2,0,6,0,1,1
2483,0.0,82.9,56.05110249899773,2,0,6,0,1,1
2484,0.0,82.9,53.22248023652721,2,0,6,0,1,1
2485,0.0,82.9,55.72641033135812,2,0,6,0,1,1
2486,0.0,82.9,23.94063791410763,2,0,6,0,1,1
2487,12.2,82.9,37.10460014154282,2,0,6,0,1,1
2488,7.7,82.9,53.341608271546846,2,0,6,0,1,1
2489,17.9,83.0,55.05130661906574,2,0,6,0,1,1
2490,0.0,83.0,55.05130661906574,2,0,6,0,1,1
2491,0.0,83.0,51.88337600969805,2,0,6,0,1,1
2492,0.0,83.0,57.40117695360613,2,0,6,0,1,1
2493,0.0,83.0,56.2495507335783,2,0,6,0,1,1
2494,0.0,83.0,52.05853367920664,2,0,6,0,1,1
2495,0.0,83.0,57.73620020372766,2,0,6,0,1,1
2496,0.0,83.0,55.39814032121724,2,0,6,0,1,1
2497,0.0,83.0,53.160420284160764,2,0,6,0,1,1
2498,0.0,83.0,55.23326924596381,2,0,6,0,1,1
2499,0.0,83.0,53.88781252408973,2,0,6,0,1,1
2500,0.0,83.0,55.04480432557285,2,0,6,0,1,1
2501,0.0,83.0,68.14244866129451,2,0,6,0,1,1
2502,0.0,83.0,48.456572471637514,2,0,6,0,1,1
2503,0.0,83.0,53.62805743437624,2,0,6,0,1,1
2504,0.0,83.0,56.576569771363054,2,0,6,0,1,1
2505,0.0,83.0,53.714593071652686,2,0,6,0,1,1
2506,0.0,83.0,55.561054444297255,2,0,6,0,1,1
2507,0.0,83.0,53.05283395944801,2,0,6,0,1,1
2508,0.0,83.0,57.90997956591374,2,0,6,0,1,1
2509,0.0,83.0,53.033380538134736,2,0,6,0,1,1
2510,0.0,83.0,55.65173086364059,2,0,6,0,1,1
2511,0.0,83.0,56.38945429612401,2,0,6,0,1,1
2512,0.0,83.0,52.1699068373198,2,0,6,0,1,1
2513,0.0,83.0,61.57589993540431,2,0,6,0,1,1
2514,0.0,83.0,54.0280296784831,2,0,6,0,1,1
2515,0.0,83.0,54.695947003286214,2,0,6,0,1,1
2516,0.0,83.0,53.30838840874428,2,0,6,0,1,1
2517,12.5,82.9,53.09850489296249,2,0,6,0,1,1
2518,18.4,82.9,24.02359800906118,2,0,6,0,1,1
2519,0.0,82.9,36.78471887250818,2,0,6,0,1,1
2520,0.0,82.9,52.16471612461912,2,0,6,0,1,1
2521,0.0,83.0,57.756076066151664,2,0,6,0,1,1
2522,0.0,83.0,51.73299126745276,2,0,6,0,1,1
2523,0.0,83.0,56.46840879410854,2,0,6,0,1,1
2524,0.0,82.9,54.06006238238857,2,0,6,0,1,1
2525,0.0,82.9,52.779785574067546,2,0,6,0,1,1
2526,0.0,83.0,58.592758158247655,2,0,6,0,1,1
2527,0.0,83.0,56.367477489584736,2,0,6,0,1,1
2528,0.0,83.0,55.21145745577085,3,0,6,0,1,1
2529,0.0,83.0,51.14007023019899,3,0,6,0,1,1
2530,0.0,83.0,53.86151633449764,3,0,6,0,1,1
2531,0.0,83.0,56.78952570507873,3,0,6,0,1,1
2532,0.0,83.0,54.572830061022415,3,0,6,0,1,1
2533,0.0,83.0,56.76032207862507,3,0,6,0,1,1
2534,0.0,83.0,52.02624691449906,3,0,6,0,1,1
2535,0.0,83.0,58.01812070324928,3,0,6,0,1,1
2536,0.0,83.0,60.95663294965701,3,0,6,0,1,1
2537,0.0,83.0,53.08707978938842,3,0,6,0,1,1
2538,0.0,83.0,53.04478253721339,3,0,6,0,1,1
2539,0.0,83.0,53.70565187328741,3,0,6,0,1,1
2540,0.0,83.0,57.11431567193649,3,0,6,0,1,1
2541,0.0,83.0,50.815410709958805,3,0,6,0,1,1
2542,0.0,83.0,58.689502700584896,3,0,6,0,1,1
2543,0.0,83.0,57.03121940606984,3,0,6,0,1,1
2544,0.0,83.0,53.85045193097781,3,0,6,0,1,1
2545,0.0,83.0,54.16268288588437,3,0,6,0,1,1
2546,0.0,83.0,55.547073858745314,3,0,6,0,1,1
2547,13.1,83.0,53.88435103225889,4,0,6,0,1,1
2548,11.1,83.0,55.1729653648334,4,0,6,0,1,1
2549,14.8,83.0,57.557931138587364,4,0,6,0,1,1
2550,17.0,83.0,23.6590723202148,4,0,6,0,1,1
2551,9.1,83.0,37.07803148840622,4,0,6,0,1,1
2552,8.0,83.0,51.23189485641696,4,0,6,0,1,1
2553,0.0,83.1,56.163685056239956,4,0,6,0,1,1
2554,0.0,83.1,49.83607803997053,4,0,6,0,1,1
2555,0.0,83.1,60.6498929955463,4,0,6,0,1,1
2556,0.0,83.1,52.227072930804766,4,0,6,0,1,1
2557,0.0,83.1,57.42475355969332,4,0,6,0,1,1
2558,0.0,83.1,53.36943631505281,4,0,6,0,1,1
2559,0.0,83.1,55.33090602079046,4,0,6,0,1,1
2560,0.0,83.1,56.86652114375585,4,0,6,0,1,1
2561,0.0,83.1,51.24065725978865,4,0,6,0,1,1
2562,0.0,83.1,57.68458692632476,5,0,6,0,1,1
2563,0.0,83.1,56.078081129502365,5,0,6,0,1,1
2564,0.0,83.1,54.52246256239601,5,0,6,0,1,1
2565,0.0,83.1,52.54308120161351,5,0,6,0,1,1
2566,0.0,83.1,56.18023520587211,5,0,6,0,1,1
2567,0.0,83.1,53.774507038642014,5,0,6,0,1,1
2568,0.0,83.1,59.382489523162306,5,0,6,0,1,1
2569,0.0,83.1,54.033597856333095,5,0,6,0,1,1
2570,0.0,83.1,53.10052159821745,5,0,6,0,1,1
2571,0.0,83.1,57.04130230787015,5,0,6,0,1,1
2572,0.0,83.1,52.93766328835935,5,0,6,0,1,1
2573,0.0,83.1,54.183673733028456,5,0,6,0,1,1
2574,0.0,83.1,55.202737562516454,5,0,6,0,1,1
2575,0.0,83.1,55.98750583995194,5,0,6,0,1,1
2576,0.0,83.1,54.88489924103638,5,0,6,0,1,1
2577,12.3,83.0,56.072833250892366,5,0,6,0,1,1
2578,11.1,83.0,54.02524601988768,5,0,6,0,1,1
2579,14.8,83.0,54.13052848938504,5,0,6,0,1,1
2580,17.9,83.0,55.343317455500284,5,0,6,0,1,1
2581,13.8,83.0,57.740174281741716,5,0,6,0,1,1
2582,0.0,83.0,23.24551223432261,5,0,6,0,1,1
2583,0.0,83.0,37.4631915539756,5,0,6,0,1,1
2584,0.0,83.0,55.80945791308513,5,0,6,0,1,1
2585,0.0,83.0,55.30609984440518,5,0,6,0,1,1
2586,0.0,83.0,51.05168090751966,5,0,6,0,1,1
2587,0.0,83.0,57.032770389709285,5,0,6,0,1,1
2588,0.0,83.0,51.49354842670006,5,0,6,0,1,1
2589,0.0,83.0,58.11378058580652,5,0,6,0,1,1
2590,0.0,83.0,57.42789857056794,5,0,6,0,1,1
2591,0.0,83.0,53.59379512145257,5,0,6,0,1,1
2592,0.0,83.0,56.07508222144977,5,0,6,0,1,1
2593,0.0,83.0,52.26286540234754,5,0,6,0,1,1
2594,0.0,83.0,58.183916656262575,5,0,6,0,1,1
2595,0.0,83.0,53.79243831118863,5,0,6,0,1,1
2596,0.0,83.0,55.89424307036247,5,0,6,0,1,1
2597,0.0,83.0,55.40765399807131,5,0,6,0,1,1
2598,0.0,83.0,56.40234522080576,5,0,6,0,1,1
2599,0.0,83.0,51.15316787609,5,0,6,0,1,1
2600,0.0,83.0,56.667531344574144,5,0,6,0,1,1
2601,0.0,83.0,54.745921111024096,5,0,6,0,1,1
2602,0.0,83.0,52.10768638266681,5,0,6,0,1,1
2603,0.0,83.0,56.80490810840094,5,0,6,0,1,1
2604,0.0,83.0,58.94850460984934,5,0,6,0,1,1
2605,0.0,83.0,53.57052174468357,6,0,6,0,1,1
2606,0.0,83.0,55.776060851873034,6,0,6,0,1,1
2607,11.8,83.0,54.159185992459065,6,0,6,0,1,1
2608,17.9,83.0,56.34476088124664,6,0,6,0,1,1
2609,0.0,83.0,55.447207350122284,6,0,6,0,1,1
2610,0.0,83.0,52.64794707971933,6,0,6,0,1,1
2611,0.0,83.0,56.79183253445988,6,0,6,0,1,1
2612,0.0,83.0,55.58682658538201,6,0,6,0,1,1
2613,0.0,83.0,56.29333762817416,6,0,6,0,1,1
2614,0.0,83.0,23.68432227316875,6,0,6,0,1,1
2615,0.0,83.0,35.00679386382226,6,0,6,0,1,1
2616,0.0,83.0,57.44126871088347,6,0,6,0,1,1
2617,0.0,83.0,53.33957321260523,6,0,6,0,1,1
2618,0.0,83.0,58.71332782731638,6,0,6,0,1,1
2619,0.0,83.0,54.22991091630787,6,0,6,0,1,1
2620,0.0,83.0,54.35711878904124,6,0,6,0,1,1
2621,0.0,83.0,55.852562053904336,6,0,6,0,1,1
2622,0.0,83.0,51.71959505283796,6,0,6,0,1,1
2623,0.0,83.0,57.132987345565496,6,0,6,0,1,1
2624,0.0,83.0,53.80416907190045,6,0,6,0,1,1
2625,0.0,83.0,59.308597285067876,6,0,6,0,1,1
2626,0.0,83.0,53.14021462326902,6,0,6,0,1,1
2627,0.0,83.0,53.65343976258091,6,0,6,0,1,1
2628,0.0,83.0,59.85876980162694,6,0,6,0,1,1
2629,0.0,83.0,49.98038584825844,6,0,6,0,1,1
2630,0.0,83.0,57.01571420803654,6,0,6,0,1,1
2631,0.0,83.0,54.8031463140565,6,0,6,0,1,1
2632,0.0,83.0,54.91508025871324,6,0,6,0,1,1
2633,0.0,83.0,54.82965345046211,6,0,6,0,1,1
2634,0.0,83.0,53.22518178241945,6,0,6,0,1,1
2635,0.0,83.0,60.07396267491657,6,0,6,0,1,1
2636,0.0,83.0,52.52136891270865,6,0,6,0,1,1
2637,12.9,83.0,55.39594532127055,6,0,6,0,1,1
2638,11.1,83.0,56.57428039601824,6,0,6,0,1,1
2639,0.0,83.0,55.19765222998671,6,0,6,0,1,1
2640,0.0,83.0,53.65138084091229,6,0,6,0,1,1
2641,0.0,83.0,54.542314694408326,6,0,6,0,1,1
2642,0.0,83.0,55.595668252853145,7,0,6,0,1,1
2643,0.0,83.0,51.44617800019625,7,0,6,0,1,1
2644,0.0,83.0,59.10467279183811,7,0,6,0,1,1
2645,0.0,83.0,55.29735003295979,7,0,6,0,1,1
2646,0.0,83.0,23.6308136095508,7,0,6,0,1,1
2647,0.0,83.0,35.45480980557904,7,0,6,0,1,1
2648,0.0,83.0,56.62468949130576,7,0,6,0,1,1
2649,0.0,83.0,51.514419061655616,7,0,6,0,1,1
2650,0.0,83.0,56.91513556056124,7,0,6,0,1,1
2651,0.0,83.0,53.626000460275655,7,0,6,0,1,1
2652,0.0,83.0,58.50041145375678,7,0,6,0,1,1
2653,0.0,83.0,55.66133184701542,7,0,6,0,1,1
2654,0.0,83.0,52.0075389346295,7,0,6,0,1,1
2655,0.0,83.0,57.49717607062565,7,0,6,0,1,1
2656,0.0,83.0,51.816715053431345,7,0,6,0,1,1
2657,0.0,83.0,59.637480449310395,7,0,6,0,1,1
2658,0.0,83.0,53.4476457470532,7,0,6,0,1,1
2659,0.0,83.0,55.35281231029113,7,0,6,0,1,1
2660,0.0,83.0,53.604069217595786,7,0,6,0,1,1
2661,0.0,83.0,53.25356458145529,7,0,6,0,1,1
2662,0.0,83.0,59.259158790036594,7,0,6,0,1,1
2663,0.0,83.0,51.91805612289106,8,0,6,0,1,1
2664,0.0,83.0,55.70420739481513,8,0,6,0,1,1
2665,0.0,83.0,53.423818621831614,8,0,6,0,1,1
2666,12.4,83.1,55.03252640556321,8,0,6,0,1,1
2667,16.7,83.0,58.51428571428571,8,0,6,0,1,1
2668,20.0,83.0,52.41897144285446,8,0,6,0,1,1
2669,13.3,83.0,54.074698639850446,8,0,6,0,1,1
2670,11.5,83.1,55.06359292128341,8,0,6,0,1,1
2671,8.7,83.1,56.73191581453227,8,0,6,0,1,1
2672,8.0,83.1,55.04480432557285,8,0,6,0,1,1
2673,22.2,83.1,58.23481061868266,8,0,6,0,1,1
2674,0.0,83.1,53.62805743437624,8,0,6,0,1,1
2675,0.0,83.1,51.4373451718133,8,0,6,0,1,1
2676,0.0,83.1,57.79347975859123,8,0,6,0,1,1
2677,0.0,83.1,54.91795637258753,8,0,6,0,1,1
2678,0.0,83.1,23.989521788616955,8,0,6,0,1,1
2679,0.0,83.1,35.66039211685286,8,0,6,0,1,1
2680,0.0,83.1,54.18017412871057,8,0,6,0,1,1
2681,0.0,83.1,54.87197467228342,8,0,6,0,1,1
2682,0.0,83.1,55.27403073192588,8,0,6,0,1,1
2683,0.0,83.1,54.39589142360616,8,0,6,0,1,1
2684,0.0,83.1,54.01341867023811,8,0,6,0,1,1
2685,0.0,83.1,58.530616801562935,8,0,6,0,1,1
2686,0.0,83.1,55.58977349538111,8,0,6,0,1,1
2687,0.0,83.1,55.65690021231423,8,0,6,0,1,1
2688,0.0,83.1,55.30974641646777,8,0,6,0,1,1
2689,0.0,83.1,55.63918072800594,8,0,6,0,1,1
2690,0.0,83.1,53.80416907190045,8,0,6,0,1,1
2691,0.0,83.1,59.308597285067876,9,0,6,0,1,1
2692,0.0,83.1,55.97555084010623,9,0,6,0,1,1
2693,0.0,83.1,50.66869616690224,9,0,6,0,1,1
2694,0.0,83.1,55.50076748001906,9,0,6,0,1,1
2695,0.0,83.1,54.1598853350206,9,0,6,0,1,1
2696,12.2,83.1,53.66236358286102,9,0,6,0,1,1
2697,9.1,83.1,56.059343214958766,9,0,6,0,1,1
2698,0.0,83.1,57.56820115841774,9,0,6,0,1,1
2699,0.0,83.1,53.34975006041797,9,0,6,0,1,1
2700,0.0,83.1,56.06084178729433,9,0,6,0,1,1
2701,0.0,83.1,54.17667497642697,0,0,0,0,1,0
2702,0.0,83.1,55.14540028136052,0,0,0,0,1,0
2703,0.0,83.1,57.17582267782655,0,0,0,0,1,0
2704,0.0,83.1,49.73384715717081,0,0,0,0,1,0
2705,0.0,83.1,59.49198604294914,0,0,0,0,1,0
2706,0.0,83.1,55.43255137778365,0,0,0,0,1,0
2707,0.0,83.1,53.095816190898155,0,0,0,0,1,0
2708,0.0,83.1,55.779027860895006,0,0,0,0,1,0
2709,0.0,83.1,53.56436452799346,0,0,0,0,1,0
2710,0.0,83.1,23.97443826486576,0,0,0,0,1,0
2711,0.0,83.1,32.270827562859694,0,0,0,0,1,0
2712,0.0,83.1,64.68199552779706,0,0,0,0,1,0
2713,0.0,83.1,52.862270619076426,0,0,0,0,1,0
2714,0.0,83.1,57.79666528868678,0,0,0,0,1,0
2715,0.0,83.1,52.98246677782831,0,0,0,0,1,0
2716,0.0,83.1,55.285687923443966,0,0,0,0,1,0
2717,0.0,83.1,53.4421976733815,0,0,0,0,1,0
2718,0.0,83.1,58.58539242663389,0,0,0,0,1,0
2719,0.0,83.1,52.16471612461912,0,0,0,0,1,0
2720,0.0,83.1,56.81106340326972,0,0,0,0,1,0
2721,0.0,83.1,54.37685067544792,0,0,0,0,1,0
2722,0.0,83.1,51.99657844170334,0,0,0,0,1,0
2723,0.0,83.1,56.57733293765344,0,0,0,0,1,0
2724,0.0,83.1,53.89127446067661,0,0,0,0,1,0
2725,0.0,83.1,55.82505689909893,0,0,0,0,1,0
2726,12.9,83.0,56.18926667202529,0,0,0,0,1,0
2727,11.5,83.0,53.90789795000321,0,0,0,0,1,0
2728,8.0,83.0,53.247480005078074,0,0,0,0,1,0
2729,11.5,83.0,54.96977798747084,0,0,0,0,1,0
2730,17.2,83.0,56.61246085735882,0,0,0,0,1,0
2731,17.2,83.0,50.67910393658926,0,0,0,0,1,0
2732,8.7,83.0,58.67472441385485,0,0,0,0,1,0
2733,11.5,83.0,55.17804614939353,0,0,0,0,1,0
2734,0.0,83.0,53.333468967358826,0,0,0,0,1,0
2735,0.0,83.0,55.35208182118113,0,0,0,0,1,0
2736,0.0,83.0,52.93833144011107,0,0,0,0,1,0
2737,0.0,83.0,57.24839964512387,0,0,0,0,1,0
2738,0.0,83.0,51.2613233604654,0,0,0,0,1,0
2739,0.0,83.0,57.27732561315344,0,0,0,0,1,0
2740,0.0,83.0,55.3345558648531,0,0,0,0,1,0
2741,0.0,83.0,56.70890457261837,0,0,0,0,1,0
2742,0.0,83.0,23.402188286363103,1,0,0,0,1,0
2743,0.0,83.0,32.83418139687808,1,0,0,0,1,0
2744,0.0,83.0,58.25826793527328,1,0,0,0,1,0
2745,0.0,83.0,55.50958178930651,1,0,0,0,1,0
2746,0.0,83.0,56.85341719304904,1,0,0,0,1,0
2747,0.0,83.0,56.715039078345995,1,0,0,0,1,0
2748,0.0,83.0,52.87559880994403,1,0,0,0,1,0
2749,0.0,83.0,54.866232373178455,1,0,0,0,1,0
2750,0.0,83.0,56.61475332388473,1,0,0,0,1,0
2751,0.0,83.0,50.39292579777009,1,0,0,0,1,0
2752,0.0,83.0,60.205032511806166,1,0,0,0,1,0
2753,0.0,83.0,52.71544020612078,1,0,0,0,1,0
2754,0.0,83.0,55.875627789249315,1,0,0,0,1,0
2755,0.0,83.0,55.60819876435181,1,0,0,0,1,0
2756,12.6,83.0,53.412933295978405,1,0,0,0,1,0
2757,14.8,83.0,54.46652901684263,1,0,0,0,1,0
2758,7.7,83.0,52.75986817278422,1,0,0,0,1,0
2759,18.5,83.0,59.42539776993809,1,0,0,0,1,0
2760,7.4,83.0,53.015951664686405,1,0,0,0,1,0
2761,0.0,83.0,55.3126640203616,1,0,0,0,1,0
2762,0.0,83.0,53.35314320604473,1,0,0,0,1,0
2763,0.0,83.0,52.78111393551959,1,0,0,0,1,0
2764,0.0,83.0,59.6875524754166,1,0,0,0,1,0
2765,0.0,83.0,53.61845957174816,1,0,0,0,1,0
2766,0.0,83.0,55.92852761554258,1,0,0,0,1,0
2767,0.0,83.0,53.74901005958865,1,0,0,0,1,0
2768,0.0,83.0,57.139992370987954,1,0,0,0,1,0
2769,0.0,83.0,54.37403095750473,1,0,0,0,1,0
2770,0.0,83.0,53.10657263323162,1,0,0,0,1,0
2771,0.0,83.0,58.35391015206533,1,0,0,0,1,0
2772,0.0,83.0,50.472364953490334,1,0,0,0,1,0
2773,0.0,83.0,58.05184703325906,1,0,0,0,1,0
2774,0.0,83.0,53.876737315350034,1,0,0,0,1,0
2775,0.0,83.0,24.54302031644977,1,0,0,0,1,0
2776,0.0,83.0,31.45853834153366,1,0,0,0,1,0
2777,0.0,83.0,60.654278318462495,1,0,0,0,1,0
2778,0.0,83.0,55.0209757185397,1,0,0,0,1,0
2779,0.0,83.0,56.069834904083955,1,0,0,0,1,0
2780,0.0,83.0,53.372831965387796,1,0,0,0,1,0
2781,0.0,83.0,54.51395892903561,1,0,0,0,1,0
2782,0.0,83.0,54.954653250003275,1,0,0,0,1,0
2783,0.0,83.0,53.22248023652721,1,0,0,0,1,0
2784,0.0,83.0,59.31195203348606,1,0,0,0,1,0
2785,12.1,83.0,50.92956104668812,1,0,0,0,1,0
2786,15.4,83.0,55.91659778696174,1,0,0,0,1,0
2787,8.3,83.0,57.16257580919932,1,0,0,0,1,0
2788,16.7,83.0,54.13541908670849,1,0,0,0,1,0
2789,0.0,83.0,53.05618944012953,1,0,0,0,1,0
2790,0.0,83.0,54.85475137977034,1,0,0,0,1,0
2791,0.0,83.0,56.67289113486198,1,0,0,0,1,0
2792,0.0,83.0,50.5045756670841,1,0,0,0,1,0
2793,0.0,83.0,61.087138258982534,1,0,0,0,1,0
2794,0.0,83.0,54.567150198399794,1,0,0,0,1,0
2795,0.0,83.0,52.135537600994404,1,0,0,0,1,0
2796,0.0,83.0,57.501117310776905,1,0,0,0,1,0
2797,0.0,83.0,53.34500038155318,1,0,0,0,1,0
2798,0.0,83.0,54.51891905944133,1,0,0,0,1,0
2799,0.0,83.0,55.09035266303277,1,0,0,0,1,0
2800,0.0,83.0,53.43879319131587,1,0,0,0,1,0
2801,0.0,83.0,55.88083881798076,1,0,0,0,1,0
2802,0.0,83.0,56.990149054988656,1,0,0,0,1,0
2803,0.0,83.0,53.27588659689056,1,0,0,0,1,0
2804,0.0,83.0,53.021983439732004,1,0,0,0,1,0
2805,0.0,83.0,59.03146990936216,1,0,0,0,1,0
2806,0.0,83.0,50.34453620126752,1,0,0,0,1,0
2807,0.0,83.0,24.87813326690155,1,0,0,0,1,0
2808,0.0,83.0,33.04136567381697,1,0,0,0,1,0
2809,0.0,83.0,59.19977417078334,1,0,0,0,1,0
2810,0.0,83.0,54.87269254418671,1,0,0,0,1,0
2811,0.0,83.0,56.366719974197366,1,0,0,0,1,0
2812,0.0,83.0,50.96111975116641,1,0,0,0,1,0
2813,0.0,83.0,59.29769697312428,1,0,0,0,1,0
2814,0.0,83.0,54.93593891210101,1,0,0,0,1,0
2815,12.5,82.8,52.72007843334423,1,0,0,0,1,0
2816,4.2,82.8,56.46308760971407,1,0,0,0,1,0
2817,11.5,82.8,54.03011761068673,1,0,0,0,1,0
2818,14.8,82.8,54.573540126990736,1,0,0,0,1,0
2819,7.7,82.8,53.88227435060764,1,0,0,0,1,0
2820,13.0,82.8,59.98804330725554,1,0,0,0,1,0
2821,16.1,82.8,52.42224721909761,1,0,0,0,1,0
2822,14.8,82.8,53.31042108875529,1,0,0,0,1,0
2823,12.5,82.8,57.36898688295879,1,0,0,0,1,0
2824,0.0,82.8,50.88075308731834,1,0,0,0,1,0
2825,0.0,82.8,60.088593450044414,1,0,0,0,1,0
2826,0.0,82.8,53.54453423206056,1,0,0,0,1,0
2827,0.0,82.8,53.83593679805927,1,0,0,0,1,0
2828,0.0,82.8,56.986277546805795,1,0,0,0,1,0
2829,0.0,82.8,55.099037084718155,1,0,0,0,1,0
2830,0.0,82.8,53.41565421155855,1,0,0,0,1,0
2831,0.0,82.8,52.95236652400611,1,0,0,0,1,0
2832,0.0,82.8,57.87002952620105,1,0,0,0,1,0
2833,0.0,82.8,50.26128220491312,1,0,0,0,1,0
2834,0.0,82.8,59.72665005339979,1,0,0,0,1,0
2835,0.0,82.8,55.01736712314392,1,0,0,0,1,0
2836,0.0,82.8,53.63080031199253,1,0,0,0,1,0
2837,0.0,82.8,54.537350306214,1,0,0,0,1,0
2838,0.0,82.8,52.78111393551959,1,0,0,0,1,0
2839,0.0,82.8,24.183165262714844,1,0,0,0,1,0
2840,0.0,82.8,34.399842530017715,1,0,0,0,1,0
2841,0.0,82.8,58.85833766015072,1,0,0,0,1,0
2842,0.0,82.8,55.65468465958096,1,0,0,0,1,0
2843,0.0,82.8,54.47855565657878,1,0,0,0,1,0
2844,12.3,82.9,51.562549173878836,1,0,0,0,1,0
2845,17.9,82.9,57.15945979094836,1,0,0,0,1,0
2846,14.8,82.9,51.92062686456309,1,0,0,0,1,0
2847,8.0,82.8,56.37278066744621,1,0,0,0,1,0
2848,0.0,82.8,57.23746230161438,1,0,0,0,1,0
2849,0.0,82.8,54.84972995592985,1,0,0,0,1,0
2850,0.0,82.8,53.489906010482954,1,0,0,0,1,0
2851,0.0,82.8,53.70633955209547,1,0,0,0,1,0
2852,0.0,82.8,58.07837381262289,1,0,0,0,1,0
2853,0.0,82.8,50.81848912582541,1,0,0,0,1,0
2854,0.0,82.8,56.73038115075608,1,0,0,0,1,0
2855,0.0,82.8,56.840319280129016,1,0,0,0,1,0
2856,0.0,82.8,53.19750393181472,1,0,0,0,1,0
2857,0.0,82.8,55.30026632914063,1,0,0,0,1,0
2858,0.0,82.8,53.48376731019357,1,0,0,0,1,0
2859,0.0,82.8,56.4494091679901,1,0,0,0,1,0
2860,0.0,82.8,52.91629133391368,1,0,0,0,1,0
2861,0.0,82.8,57.19219493570776,1,0,0,0,1,0
2862,0.0,82.8,54.633251706351274,1,0,0,0,1,0
2863,0.0,82.8,55.93151086811575,1,0,0,0,1,0
2864,0.0,82.8,51.85964044610401,1,0,0,0,1,0
2865,0.0,82.8,54.43613238157041,1,0,0,0,1,0
2866,0.0,82.8,60.132528565898696,1,0,0,0,1,0
2867,0.0,82.8,54.29730604424768,1,0,0,0,1,0
2868,0.0,82.8,55.30391213196029,1,0,0,0,1,0
2869,0.0,82.8,57.59349682805591,1,0,0,0,1,0
2870,0.0,82.8,55.228178286918165,1,0,0,0,1,0
2871,0.0,82.8,21.84066944037992,1,0,0,0,1,0
2872,0.0,82.8,38.780849529374784,1,0,0,0,1,0
2873,0.0,82.8,54.40718112360717,1,0,0,0,1,0
2874,14.0,83.3,56.57046518214801,1,0,0,0,1,0
2875,17.9,83.1,54.57922132000833,1,0,0,0,1,0
2876,16.0,83.0,61.33458118858213,1,0,0,0,1,0
2877,11.5,83.1,50.828342563530825,1,0,0,0,1,0
2878,13.8,83.1,52.328068468198715,1,0,0,0,1,0
2879,15.4,83.1,57.77994517226654,1,0,0,0,1,0
2880,20.7,83.1,52.36988388063428,1,0,0,0,1,0
2881,4.3,83.1,57.40824790243769,1,0,0,0,1,0
2882,3.7,83.1,54.62969378850437,1,0,0,0,1,0
2883,0.0,83.1,54.70664805853735,1,0,0,0,1,0
2884,0.0,83.1,54.9661761044203,1,0,0,0,1,0
2885,0.0,83.1,52.573376786161944,1,0,0,0,1,0
2886,0.0,83.1,56.78568140586499,1,0,0,0,1,0
2887,0.0,83.1,53.43062420382166,1,0,0,0,1,0
2888,0.0,83.1,55.9188342421374,1,0,0,0,1,0
2889,0.0,83.1,57.39882035772447,1,0,0,0,1,0
2890,0.0,83.1,54.030813623950124,1,0,0,0,1,0
2891,0.0,83.1,52.645303811926546,1,0,0,0,1,0
2892,0.0,83.1,53.78829926389494,1,0,0,0,1,0
2893,0.0,83.1,57.372910568216014,1,0,0,0,1,0
2894,0.0,83.1,51.366162513012064,1,0,0,0,1,0
2895,0.0,83.1,59.14467821084099,1,0,0,0,1,0
